week_start,year,month,carrier_code,carrier_name,cost_usd
1/1/2000,2000,1,TU,Tunisair,418068.93
1/8/2000,2000,1,TU,Tunisair,417645.18
1/15/2000,2000,1,TU,Tunisair,418550.93
1/22/2000,2000,1,TU,Tunisair,615016.83
2/1/2000,2000,2,TU,Tunisair,397029.65
2/8/2000,2000,2,TU,Tunisair,377909.96
2/15/2000,2000,2,TU,Tunisair,403449.2
2/22/2000,2000,2,TU,Tunisair,451518.83
3/1/2000,2000,3,TU,Tunisair,390390.38
3/8/2000,2000,3,TU,Tunisair,394973.04
3/15/2000,2000,3,TU,Tunisair,396575.84
3/22/2000,2000,3,TU,Tunisair,584853.77
4/1/2000,2000,4,TU,Tunisair,440199.48
4/8/2000,2000,4,TU,Tunisair,431974.31
4/15/2000,2000,4,TU,Tunisair,419190.23
4/22/2000,2000,4,TU,Tunisair,533607.82
5/1/2000,2000,5,TU,Tunisair,453841.5
5/8/2000,2000,5,TU,Tunisair,470609.71
5/15/2000,2000,5,TU,Tunisair,450617.98
5/22/2000,2000,5,TU,Tunisair,640410.69
6/1/2000,2000,6,TU,Tunisair,548912.35
6/8/2000,2000,6,TU,Tunisair,511467.42
6/15/2000,2000,6,TU,Tunisair,532992.75
6/22/2000,2000,6,TU,Tunisair,704740.18
7/1/2000,2000,7,TU,Tunisair,676921.99
7/8/2000,2000,7,TU,Tunisair,651310.91
7/15/2000,2000,7,TU,Tunisair,665500.71
7/22/2000,2000,7,TU,Tunisair,946498.81
8/1/2000,2000,8,TU,Tunisair,715548.67
8/8/2000,2000,8,TU,Tunisair,669341.37
8/15/2000,2000,8,TU,Tunisair,710330.19
8/22/2000,2000,8,TU,Tunisair,942227.19
9/1/2000,2000,9,TU,Tunisair,493100.7
9/8/2000,2000,9,TU,Tunisair,531350.49
9/15/2000,2000,9,TU,Tunisair,525480.75
9/22/2000,2000,9,TU,Tunisair,719391.77
10/1/2000,2000,10,TU,Tunisair,441728.34
10/8/2000,2000,10,TU,Tunisair,413272.55
10/15/2000,2000,10,TU,Tunisair,444494.77
10/22/2000,2000,10,TU,Tunisair,595070.45
11/1/2000,2000,11,TU,Tunisair,371604.65
11/8/2000,2000,11,TU,Tunisair,368895.66
11/15/2000,2000,11,TU,Tunisair,374222.41
11/22/2000,2000,11,TU,Tunisair,492954.81
12/1/2000,2000,12,TU,Tunisair,410718.11
12/8/2000,2000,12,TU,Tunisair,406661.12
12/15/2000,2000,12,TU,Tunisair,410880.29
12/22/2000,2000,12,TU,Tunisair,583527.8
1/1/2001,2001,1,TU,Tunisair,407317.21
1/8/2001,2001,1,TU,Tunisair,405999.75
1/15/2001,2001,1,TU,Tunisair,409605.89
1/22/2001,2001,1,TU,Tunisair,605334.7
2/1/2001,2001,2,TU,Tunisair,378344.21
2/8/2001,2001,2,TU,Tunisair,412888.83
2/15/2001,2001,2,TU,Tunisair,370740.58
2/22/2001,2001,2,TU,Tunisair,367005.65
3/1/2001,2001,3,TU,Tunisair,357279.97
3/8/2001,2001,3,TU,Tunisair,365236.31
3/15/2001,2001,3,TU,Tunisair,354080.02
3/22/2001,2001,3,TU,Tunisair,511571.48
4/1/2001,2001,4,TU,Tunisair,387163.41
4/8/2001,2001,4,TU,Tunisair,367540.87
4/15/2001,2001,4,TU,Tunisair,350389.14
4/22/2001,2001,4,TU,Tunisair,465283.58
5/1/2001,2001,5,TU,Tunisair,393288.49
5/8/2001,2001,5,TU,Tunisair,361364.13
5/15/2001,2001,5,TU,Tunisair,381041.79
5/22/2001,2001,5,TU,Tunisair,548526.37
6/1/2001,2001,6,TU,Tunisair,417052.07
6/8/2001,2001,6,TU,Tunisair,432390.87
6/15/2001,2001,6,TU,Tunisair,430282.39
6/22/2001,2001,6,TU,Tunisair,586252.06
7/1/2001,2001,7,TU,Tunisair,542914.29
7/8/2001,2001,7,TU,Tunisair,520049.9
7/15/2001,2001,7,TU,Tunisair,520935.3
7/22/2001,2001,7,TU,Tunisair,737025.35
8/1/2001,2001,8,TU,Tunisair,527883.2
8/8/2001,2001,8,TU,Tunisair,500721.6
8/15/2001,2001,8,TU,Tunisair,509600.3
8/22/2001,2001,8,TU,Tunisair,748934.4
9/1/2001,2001,9,TU,Tunisair,382982.98
9/8/2001,2001,9,TU,Tunisair,388893.94
9/15/2001,2001,9,TU,Tunisair,367609.97
9/22/2001,2001,9,TU,Tunisair,486058.59
10/1/2001,2001,10,TU,Tunisair,282591.66
10/8/2001,2001,10,TU,Tunisair,292516.36
10/15/2001,2001,10,TU,Tunisair,300364.63
10/22/2001,2001,10,TU,Tunisair,411620.66
11/1/2001,2001,11,TU,Tunisair,265987.3
11/8/2001,2001,11,TU,Tunisair,265125.72
11/15/2001,2001,11,TU,Tunisair,273583.09
11/22/2001,2001,11,TU,Tunisair,349479.67
12/1/2001,2001,12,TU,Tunisair,312177.86
12/8/2001,2001,12,TU,Tunisair,298274.8
12/15/2001,2001,12,TU,Tunisair,318992.73
12/22/2001,2001,12,TU,Tunisair,447628.14
1/1/2002,2002,1,TU,Tunisair,340086.46
1/8/2002,2002,1,TU,Tunisair,325742.15
1/15/2002,2002,1,TU,Tunisair,348374.06
1/22/2002,2002,1,TU,Tunisair,459982.34
2/1/2002,2002,2,TU,Tunisair,347042.76
2/8/2002,2002,2,TU,Tunisair,330039.03
2/15/2002,2002,2,TU,Tunisair,322774.9
2/22/2002,2002,2,TU,Tunisair,315731.78
3/1/2002,2002,3,TU,Tunisair,319752.07
3/8/2002,2002,3,TU,Tunisair,337464.78
3/15/2002,2002,3,TU,Tunisair,330636.15
3/22/2002,2002,3,TU,Tunisair,470288.25
4/1/2002,2002,4,TU,Tunisair,334113.62
4/8/2002,2002,4,TU,Tunisair,373484.96
4/15/2002,2002,4,TU,Tunisair,371506.57
4/22/2002,2002,4,TU,Tunisair,459517.91
5/1/2002,2002,5,TU,Tunisair,378733.17
5/8/2002,2002,5,TU,Tunisair,387204.97
5/15/2002,2002,5,TU,Tunisair,410614
5/22/2002,2002,5,TU,Tunisair,532766.03
6/1/2002,2002,6,TU,Tunisair,450406.74
6/8/2002,2002,6,TU,Tunisair,479047.1
6/15/2002,2002,6,TU,Tunisair,450113.14
6/22/2002,2002,6,TU,Tunisair,580402.09
7/1/2002,2002,7,TU,Tunisair,583426.8
7/8/2002,2002,7,TU,Tunisair,556176.42
7/15/2002,2002,7,TU,Tunisair,585912.98
7/22/2002,2002,7,TU,Tunisair,795458.5
8/1/2002,2002,8,TU,Tunisair,608584.5
8/8/2002,2002,8,TU,Tunisair,590361.7
8/15/2002,2002,8,TU,Tunisair,637472.5
8/22/2002,2002,8,TU,Tunisair,851568.93
9/1/2002,2002,9,TU,Tunisair,504919.1
9/8/2002,2002,9,TU,Tunisair,459904.56
9/15/2002,2002,9,TU,Tunisair,479825.39
9/22/2002,2002,9,TU,Tunisair,626574.3
10/1/2002,2002,10,TU,Tunisair,420696.45
10/8/2002,2002,10,TU,Tunisair,373146.67
10/15/2002,2002,10,TU,Tunisair,410218.28
10/22/2002,2002,10,TU,Tunisair,578111.23
11/1/2002,2002,11,TU,Tunisair,396549.21
11/8/2002,2002,11,TU,Tunisair,385732.7
11/15/2002,2002,11,TU,Tunisair,377034.9
11/22/2002,2002,11,TU,Tunisair,475042.79
12/1/2002,2002,12,TU,Tunisair,424696.04
12/8/2002,2002,12,TU,Tunisair,447134.52
12/15/2002,2002,12,TU,Tunisair,441117.37
12/22/2002,2002,12,TU,Tunisair,679284
1/1/2003,2003,1,TU,Tunisair,490448.4
1/8/2003,2003,1,TU,Tunisair,506786.21
1/15/2003,2003,1,TU,Tunisair,473644.7
1/22/2003,2003,1,TU,Tunisair,706042.19
2/1/2003,2003,2,TU,Tunisair,449390.82
2/8/2003,2003,2,TU,Tunisair,458162.93
2/15/2003,2003,2,TU,Tunisair,467890.94
2/22/2003,2003,2,TU,Tunisair,444632.41
3/1/2003,2003,3,TU,Tunisair,408276.84
3/8/2003,2003,3,TU,Tunisair,431700.41
3/15/2003,2003,3,TU,Tunisair,432579.85
3/22/2003,2003,3,TU,Tunisair,617433.11
4/1/2003,2003,4,TU,Tunisair,420361.53
4/8/2003,2003,4,TU,Tunisair,448017.57
4/15/2003,2003,4,TU,Tunisair,432249.17
4/22/2003,2003,4,TU,Tunisair,567615.19
5/1/2003,2003,5,TU,Tunisair,461965.44
5/8/2003,2003,5,TU,Tunisair,451675.27
5/15/2003,2003,5,TU,Tunisair,446679.47
5/22/2003,2003,5,TU,Tunisair,679381.13
6/1/2003,2003,6,TU,Tunisair,532719.5
6/8/2003,2003,6,TU,Tunisair,522742.4
6/15/2003,2003,6,TU,Tunisair,530284.03
6/22/2003,2003,6,TU,Tunisair,714377.2
7/1/2003,2003,7,TU,Tunisair,654482.22
7/8/2003,2003,7,TU,Tunisair,663622.23
7/15/2003,2003,7,TU,Tunisair,679051.28
7/22/2003,2003,7,TU,Tunisair,914392.52
8/1/2003,2003,8,TU,Tunisair,667509.35
8/8/2003,2003,8,TU,Tunisair,717886.56
8/15/2003,2003,8,TU,Tunisair,716153.73
8/22/2003,2003,8,TU,Tunisair,993318.33
9/1/2003,2003,9,TU,Tunisair,566407.56
9/8/2003,2003,9,TU,Tunisair,561338.05
9/15/2003,2003,9,TU,Tunisair,530508.42
9/22/2003,2003,9,TU,Tunisair,719510.38
10/1/2003,2003,10,TU,Tunisair,462252.94
10/8/2003,2003,10,TU,Tunisair,441288.15
10/15/2003,2003,10,TU,Tunisair,472826.48
10/22/2003,2003,10,TU,Tunisair,663872.92
11/1/2003,2003,11,TU,Tunisair,418954.75
11/8/2003,2003,11,TU,Tunisair,438049.39
11/15/2003,2003,11,TU,Tunisair,437524.65
11/22/2003,2003,11,TU,Tunisair,541903.31
12/1/2003,2003,12,TU,Tunisair,498619.52
12/8/2003,2003,12,TU,Tunisair,509199.05
12/15/2003,2003,12,TU,Tunisair,479463.89
12/22/2003,2003,12,TU,Tunisair,711835.1
1/1/2004,2004,1,TU,Tunisair,527704.15
1/8/2004,2004,1,TU,Tunisair,569501.63
1/15/2004,2004,1,TU,Tunisair,493260.5
1/22/2004,2004,1,TU,Tunisair,772133.81
2/1/2004,2004,2,TU,Tunisair,502307.67
2/8/2004,2004,2,TU,Tunisair,505969.4
2/15/2004,2004,2,TU,Tunisair,541543.65
2/22/2004,2004,2,TU,Tunisair,580111.63
3/1/2004,2004,3,TU,Tunisair,573746.78
3/8/2004,2004,3,TU,Tunisair,523785.84
3/15/2004,2004,3,TU,Tunisair,538545.69
3/22/2004,2004,3,TU,Tunisair,746970.03
4/1/2004,2004,4,TU,Tunisair,580669.44
4/8/2004,2004,4,TU,Tunisair,596355.66
4/15/2004,2004,4,TU,Tunisair,589169.25
4/22/2004,2004,4,TU,Tunisair,770492.07
5/1/2004,2004,5,TU,Tunisair,584044.91
5/8/2004,2004,5,TU,Tunisair,674686.7
5/15/2004,2004,5,TU,Tunisair,626812.23
5/22/2004,2004,5,TU,Tunisair,955655.48
6/1/2004,2004,6,TU,Tunisair,731026.89
6/8/2004,2004,6,TU,Tunisair,765494.56
6/15/2004,2004,6,TU,Tunisair,841672.99
6/22/2004,2004,6,TU,Tunisair,944576.22
7/1/2004,2004,7,TU,Tunisair,914207.95
7/8/2004,2004,7,TU,Tunisair,946243.24
7/15/2004,2004,7,TU,Tunisair,980649.04
7/22/2004,2004,7,TU,Tunisair,1411579.94
8/1/2004,2004,8,TU,Tunisair,1069142.28
8/8/2004,2004,8,TU,Tunisair,1013741.44
8/15/2004,2004,8,TU,Tunisair,965577.85
8/22/2004,2004,8,TU,Tunisair,1439096.97
9/1/2004,2004,9,TU,Tunisair,835560.31
9/8/2004,2004,9,TU,Tunisair,813850.96
9/15/2004,2004,9,TU,Tunisair,745950.34
9/22/2004,2004,9,TU,Tunisair,1028336.08
10/1/2004,2004,10,TU,Tunisair,667271.35
10/8/2004,2004,10,TU,Tunisair,683488.69
10/15/2004,2004,10,TU,Tunisair,648647.14
10/22/2004,2004,10,TU,Tunisair,918611.17
11/1/2004,2004,11,TU,Tunisair,588795.62
11/8/2004,2004,11,TU,Tunisair,597347.37
11/15/2004,2004,11,TU,Tunisair,616524.03
11/22/2004,2004,11,TU,Tunisair,805311.9
12/1/2004,2004,12,TU,Tunisair,726976.48
12/8/2004,2004,12,TU,Tunisair,700582.51
12/15/2004,2004,12,TU,Tunisair,683781.09
12/22/2004,2004,12,TU,Tunisair,990159.74
1/1/2005,2005,1,TU,Tunisair,736282.68
1/8/2005,2005,1,TU,Tunisair,784636.41
1/15/2005,2005,1,TU,Tunisair,705254.07
1/22/2005,2005,1,TU,Tunisair,1083435.81
2/1/2005,2005,2,TU,Tunisair,746813.86
2/8/2005,2005,2,TU,Tunisair,774403.41
2/15/2005,2005,2,TU,Tunisair,737071.78
2/22/2005,2005,2,TU,Tunisair,761003.34
3/1/2005,2005,3,TU,Tunisair,758109.4
3/8/2005,2005,3,TU,Tunisair,748814.82
3/15/2005,2005,3,TU,Tunisair,750698.79
3/22/2005,2005,3,TU,Tunisair,1157066.41
4/1/2005,2005,4,TU,Tunisair,853075.45
4/8/2005,2005,4,TU,Tunisair,838451.77
4/15/2005,2005,4,TU,Tunisair,920478.84
4/22/2005,2005,4,TU,Tunisair,1058728.4
5/1/2005,2005,5,TU,Tunisair,948152.37
5/8/2005,2005,5,TU,Tunisair,937993.95
5/15/2005,2005,5,TU,Tunisair,920796.47
5/22/2005,2005,5,TU,Tunisair,1433189.8
6/1/2005,2005,6,TU,Tunisair,1234689.05
6/8/2005,2005,6,TU,Tunisair,1115395.66
6/15/2005,2005,6,TU,Tunisair,1156430.14
6/22/2005,2005,6,TU,Tunisair,1530548.55
7/1/2005,2005,7,TU,Tunisair,1623527.14
7/8/2005,2005,7,TU,Tunisair,1505632.22
7/15/2005,2005,7,TU,Tunisair,1455462.08
7/22/2005,2005,7,TU,Tunisair,2106821.6
8/1/2005,2005,8,TU,Tunisair,1604581.32
8/8/2005,2005,8,TU,Tunisair,1602774.54
8/15/2005,2005,8,TU,Tunisair,1628020.94
8/22/2005,2005,8,TU,Tunisair,2236074.11
9/1/2005,2005,9,TU,Tunisair,1231175.2
9/8/2005,2005,9,TU,Tunisair,1195212.76
9/15/2005,2005,9,TU,Tunisair,1301110.66
9/22/2005,2005,9,TU,Tunisair,1675222.05
10/1/2005,2005,10,TU,Tunisair,1048231.96
10/8/2005,2005,10,TU,Tunisair,1041062.85
10/15/2005,2005,10,TU,Tunisair,1006262.53
10/22/2005,2005,10,TU,Tunisair,1515519.6
11/1/2005,2005,11,TU,Tunisair,942807.38
11/8/2005,2005,11,TU,Tunisair,925417.8
11/15/2005,2005,11,TU,Tunisair,930068.27
11/22/2005,2005,11,TU,Tunisair,1193063.81
12/1/2005,2005,12,TU,Tunisair,976470
12/8/2005,2005,12,TU,Tunisair,1062338.79
12/15/2005,2005,12,TU,Tunisair,1065798.58
12/22/2005,2005,12,TU,Tunisair,1490230.72
1/1/2006,2006,1,TU,Tunisair,1032744.35
1/8/2006,2006,1,TU,Tunisair,1072991.7
1/15/2006,2006,1,TU,Tunisair,1122856.39
1/22/2006,2006,1,TU,Tunisair,1515180.41
2/1/2006,2006,2,TU,Tunisair,1053227.8
2/8/2006,2006,2,TU,Tunisair,1050082.3
2/15/2006,2006,2,TU,Tunisair,1069661.23
2/22/2006,2006,2,TU,Tunisair,1024812.81
3/1/2006,2006,3,TU,Tunisair,1012636.39
3/8/2006,2006,3,TU,Tunisair,1019273.45
3/15/2006,2006,3,TU,Tunisair,1082762.97
3/22/2006,2006,3,TU,Tunisair,1500973.66
4/1/2006,2006,4,TU,Tunisair,1173239.85
4/8/2006,2006,4,TU,Tunisair,1104008.57
4/15/2006,2006,4,TU,Tunisair,1158810.57
4/22/2006,2006,4,TU,Tunisair,1397712.01
5/1/2006,2006,5,TU,Tunisair,1213608.78
5/8/2006,2006,5,TU,Tunisair,1218095.27
5/15/2006,2006,5,TU,Tunisair,1168298.33
5/22/2006,2006,5,TU,Tunisair,1835014.24
6/1/2006,2006,6,TU,Tunisair,1515884.81
6/8/2006,2006,6,TU,Tunisair,1387382.96
6/15/2006,2006,6,TU,Tunisair,1515129.76
6/22/2006,2006,6,TU,Tunisair,1883794.69
7/1/2006,2006,7,TU,Tunisair,1880277.22
7/8/2006,2006,7,TU,Tunisair,1910837.03
7/15/2006,2006,7,TU,Tunisair,1905886.26
7/22/2006,2006,7,TU,Tunisair,2494281.68
8/1/2006,2006,8,TU,Tunisair,1726228.78
8/8/2006,2006,8,TU,Tunisair,1847822.11
8/15/2006,2006,8,TU,Tunisair,1881107.28
8/22/2006,2006,8,TU,Tunisair,2741446.49
9/1/2006,2006,9,TU,Tunisair,1493219.48
9/8/2006,2006,9,TU,Tunisair,1303525.01
9/15/2006,2006,9,TU,Tunisair,1442403.33
9/22/2006,2006,9,TU,Tunisair,1684761.92
10/1/2006,2006,10,TU,Tunisair,1108199.69
10/8/2006,2006,10,TU,Tunisair,1058260.03
10/15/2006,2006,10,TU,Tunisair,1007062.31
10/22/2006,2006,10,TU,Tunisair,1603927.54
11/1/2006,2006,11,TU,Tunisair,1018887.28
11/8/2006,2006,11,TU,Tunisair,930474.96
11/15/2006,2006,11,TU,Tunisair,1006663.49
11/22/2006,2006,11,TU,Tunisair,1248338.93
12/1/2006,2006,12,TU,Tunisair,1125075.29
12/8/2006,2006,12,TU,Tunisair,1102462.56
12/15/2006,2006,12,TU,Tunisair,1174584.82
12/22/2006,2006,12,TU,Tunisair,1521259.37
1/1/2007,2007,1,TU,Tunisair,1166349.36
1/8/2007,2007,1,TU,Tunisair,1226780.05
1/15/2007,2007,1,TU,Tunisair,1120147.09
1/22/2007,2007,1,TU,Tunisair,1660056.01
2/1/2007,2007,2,TU,Tunisair,1152366.56
2/8/2007,2007,2,TU,Tunisair,1116654.11
2/15/2007,2007,2,TU,Tunisair,1170224.39
2/22/2007,2007,2,TU,Tunisair,1148163.29
3/1/2007,2007,3,TU,Tunisair,1091699.99
3/8/2007,2007,3,TU,Tunisair,1198618.34
3/15/2007,2007,3,TU,Tunisair,1160273.19
3/22/2007,2007,3,TU,Tunisair,1603413.62
4/1/2007,2007,4,TU,Tunisair,1213493.15
4/8/2007,2007,4,TU,Tunisair,1207077.56
4/15/2007,2007,4,TU,Tunisair,1294622.88
4/22/2007,2007,4,TU,Tunisair,1587583.83
5/1/2007,2007,5,TU,Tunisair,1352096.03
5/8/2007,2007,5,TU,Tunisair,1322106.99
5/15/2007,2007,5,TU,Tunisair,1359406.88
5/22/2007,2007,5,TU,Tunisair,1893280.42
6/1/2007,2007,6,TU,Tunisair,1607533.95
6/8/2007,2007,6,TU,Tunisair,1555636.07
6/15/2007,2007,6,TU,Tunisair,1611136.05
6/22/2007,2007,6,TU,Tunisair,2060384.82
7/1/2007,2007,7,TU,Tunisair,2035375.06
7/8/2007,2007,7,TU,Tunisair,1982216.25
7/15/2007,2007,7,TU,Tunisair,1976469.32
7/22/2007,2007,7,TU,Tunisair,2843901.74
8/1/2007,2007,8,TU,Tunisair,2040457.39
8/8/2007,2007,8,TU,Tunisair,2177312.94
8/15/2007,2007,8,TU,Tunisair,2109827.72
8/22/2007,2007,8,TU,Tunisair,3184866.5
9/1/2007,2007,9,TU,Tunisair,1859060.66
9/8/2007,2007,9,TU,Tunisair,1723168.33
9/15/2007,2007,9,TU,Tunisair,1628425.48
9/22/2007,2007,9,TU,Tunisair,2184071.62
10/1/2007,2007,10,TU,Tunisair,1461104.05
10/8/2007,2007,10,TU,Tunisair,1388649.27
10/15/2007,2007,10,TU,Tunisair,1452123.7
10/22/2007,2007,10,TU,Tunisair,2113829
11/1/2007,2007,11,TU,Tunisair,1344767.94
11/8/2007,2007,11,TU,Tunisair,1329986.68
11/15/2007,2007,11,TU,Tunisair,1330449.22
11/22/2007,2007,11,TU,Tunisair,1867131.15
12/1/2007,2007,12,TU,Tunisair,1604441.57
12/8/2007,2007,12,TU,Tunisair,1566589.97
12/15/2007,2007,12,TU,Tunisair,1592399
12/22/2007,2007,12,TU,Tunisair,2381928.12
1/1/2008,2008,1,TU,Tunisair,1696510.42
1/8/2008,2008,1,TU,Tunisair,1767477.46
1/15/2008,2008,1,TU,Tunisair,1782445.34
1/22/2008,2008,1,TU,Tunisair,2548195.79
2/1/2008,2008,2,TU,Tunisair,1817915.2
2/8/2008,2008,2,TU,Tunisair,1699626.15
2/15/2008,2008,2,TU,Tunisair,1801722.49
2/22/2008,2008,2,TU,Tunisair,1925628.53
3/1/2008,2008,3,TU,Tunisair,1831283.22
3/8/2008,2008,3,TU,Tunisair,1934799.2
3/15/2008,2008,3,TU,Tunisair,1910509.05
3/22/2008,2008,3,TU,Tunisair,2653133.51
4/1/2008,2008,4,TU,Tunisair,2073188.91
4/8/2008,2008,4,TU,Tunisair,2205929.99
4/15/2008,2008,4,TU,Tunisair,2115670.41
4/22/2008,2008,4,TU,Tunisair,2691573.36
5/1/2008,2008,5,TU,Tunisair,2366299.97
5/8/2008,2008,5,TU,Tunisair,2442113.34
5/15/2008,2008,5,TU,Tunisair,2241482.39
5/22/2008,2008,5,TU,Tunisair,3502566.9
6/1/2008,2008,6,TU,Tunisair,2922919.29
6/8/2008,2008,6,TU,Tunisair,2845799.05
6/15/2008,2008,6,TU,Tunisair,3010673.73
6/22/2008,2008,6,TU,Tunisair,3815239.94
7/1/2008,2008,7,TU,Tunisair,3795485.18
7/8/2008,2008,7,TU,Tunisair,3786835.28
7/15/2008,2008,7,TU,Tunisair,3972118.62
7/22/2008,2008,7,TU,Tunisair,5245723.92
8/1/2008,2008,8,TU,Tunisair,3348034.23
8/8/2008,2008,8,TU,Tunisair,3312652.64
8/15/2008,2008,8,TU,Tunisair,3395755.21
8/22/2008,2008,8,TU,Tunisair,4875002.72
9/1/2008,2008,9,TU,Tunisair,2162324.82
9/8/2008,2008,9,TU,Tunisair,2245320.66
9/15/2008,2008,9,TU,Tunisair,2176782.17
9/22/2008,2008,9,TU,Tunisair,2745946.1
10/1/2008,2008,10,TU,Tunisair,1330146.36
10/8/2008,2008,10,TU,Tunisair,1424105.65
10/15/2008,2008,10,TU,Tunisair,1414688.68
10/22/2008,2008,10,TU,Tunisair,2085063.35
11/1/2008,2008,11,TU,Tunisair,1085512.13
11/8/2008,2008,11,TU,Tunisair,1115703.66
11/15/2008,2008,11,TU,Tunisair,1112383.19
11/22/2008,2008,11,TU,Tunisair,1428756.41
12/1/2008,2008,12,TU,Tunisair,1049666.93
12/8/2008,2008,12,TU,Tunisair,986318.91
12/15/2008,2008,12,TU,Tunisair,1079582.93
12/22/2008,2008,12,TU,Tunisair,1533249.04
1/1/2009,2009,1,TU,Tunisair,898920.19
1/8/2009,2009,1,TU,Tunisair,932789.48
1/15/2009,2009,1,TU,Tunisair,855053.25
1/22/2009,2009,1,TU,Tunisair,1233732.64
2/1/2009,2009,2,TU,Tunisair,862331.4
2/8/2009,2009,2,TU,Tunisair,920634.42
2/15/2009,2009,2,TU,Tunisair,809803.13
2/22/2009,2009,2,TU,Tunisair,876692.46
3/1/2009,2009,3,TU,Tunisair,872608.52
3/8/2009,2009,3,TU,Tunisair,836843.97
3/15/2009,2009,3,TU,Tunisair,854899.1
3/22/2009,2009,3,TU,Tunisair,1250680.35
4/1/2009,2009,4,TU,Tunisair,979351.47
4/8/2009,2009,4,TU,Tunisair,915338.22
4/15/2009,2009,4,TU,Tunisair,936514.32
4/22/2009,2009,4,TU,Tunisair,1164324.96
5/1/2009,2009,5,TU,Tunisair,1082176.14
5/8/2009,2009,5,TU,Tunisair,1018655.87
5/15/2009,2009,5,TU,Tunisair,1108382.9
5/22/2009,2009,5,TU,Tunisair,1460989.44
6/1/2009,2009,6,TU,Tunisair,1260323.91
6/8/2009,2009,6,TU,Tunisair,1300552.63
6/15/2009,2009,6,TU,Tunisair,1296109.46
6/22/2009,2009,6,TU,Tunisair,1748009.55
7/1/2009,2009,7,TU,Tunisair,1737431.55
7/8/2009,2009,7,TU,Tunisair,1657000
7/15/2009,2009,7,TU,Tunisair,1696209.24
7/22/2009,2009,7,TU,Tunisair,2422079.16
8/1/2009,2009,8,TU,Tunisair,1822422.04
8/8/2009,2009,8,TU,Tunisair,1801194.22
8/15/2009,2009,8,TU,Tunisair,1769893.06
8/22/2009,2009,8,TU,Tunisair,2616306.97
9/1/2009,2009,9,TU,Tunisair,1396491.19
9/8/2009,2009,9,TU,Tunisair,1416025.21
9/15/2009,2009,9,TU,Tunisair,1431810.99
9/22/2009,2009,9,TU,Tunisair,1927170.39
10/1/2009,2009,10,TU,Tunisair,1199750.71
10/8/2009,2009,10,TU,Tunisair,1189121.09
10/15/2009,2009,10,TU,Tunisair,1159834.56
10/22/2009,2009,10,TU,Tunisair,1761157.8
11/1/2009,2009,11,TU,Tunisair,1088311.4
11/8/2009,2009,11,TU,Tunisair,1124531.57
11/15/2009,2009,11,TU,Tunisair,1037210.28
11/22/2009,2009,11,TU,Tunisair,1480803.11
12/1/2009,2009,12,TU,Tunisair,1236344.25
12/8/2009,2009,12,TU,Tunisair,1261516.19
12/15/2009,2009,12,TU,Tunisair,1344844.96
12/22/2009,2009,12,TU,Tunisair,1766041.83
1/1/2010,2010,1,TU,Tunisair,1333968.49
1/8/2010,2010,1,TU,Tunisair,1341165.1
1/15/2010,2010,1,TU,Tunisair,1290936.97
1/22/2010,2010,1,TU,Tunisair,2000804.87
2/1/2010,2010,2,TU,Tunisair,1424322.36
2/8/2010,2010,2,TU,Tunisair,1259941.63
2/15/2010,2010,2,TU,Tunisair,1284696.69
2/22/2010,2010,2,TU,Tunisair,1391613.56
3/1/2010,2010,3,TU,Tunisair,1294266.55
3/8/2010,2010,3,TU,Tunisair,1337666.98
3/15/2010,2010,3,TU,Tunisair,1362262.3
3/22/2010,2010,3,TU,Tunisair,1984215.99
4/1/2010,2010,4,TU,Tunisair,1459910.97
4/8/2010,2010,4,TU,Tunisair,1476312.13
4/15/2010,2010,4,TU,Tunisair,1431407.13
4/22/2010,2010,4,TU,Tunisair,1977382.32
5/1/2010,2010,5,TU,Tunisair,1507456.34
5/8/2010,2010,5,TU,Tunisair,1552291.48
5/15/2010,2010,5,TU,Tunisair,1506579.86
5/22/2010,2010,5,TU,Tunisair,2199656.16
6/1/2010,2010,6,TU,Tunisair,1733219.05
6/8/2010,2010,6,TU,Tunisair,1733566.81
6/15/2010,2010,6,TU,Tunisair,1681617.91
6/22/2010,2010,6,TU,Tunisair,2304101.87
7/1/2010,2010,7,TU,Tunisair,2123519.43
7/8/2010,2010,7,TU,Tunisair,2040598.71
7/15/2010,2010,7,TU,Tunisair,2075242.1
7/22/2010,2010,7,TU,Tunisair,2975328.43
8/1/2010,2010,8,TU,Tunisair,2209025.04
8/8/2010,2010,8,TU,Tunisair,2162250.51
8/15/2010,2010,8,TU,Tunisair,2155428.65
8/22/2010,2010,8,TU,Tunisair,3148905.84
9/1/2010,2010,9,TU,Tunisair,1766024.88
9/8/2010,2010,9,TU,Tunisair,1701726.45
9/15/2010,2010,9,TU,Tunisair,1763251.07
9/22/2010,2010,9,TU,Tunisair,2115432.58
10/1/2010,2010,10,TU,Tunisair,1386604.83
10/8/2010,2010,10,TU,Tunisair,1406956.82
10/15/2010,2010,10,TU,Tunisair,1446887.22
10/22/2010,2010,10,TU,Tunisair,1991763.45
11/1/2010,2010,11,TU,Tunisair,1425304.94
11/8/2010,2010,11,TU,Tunisair,1380434.84
11/15/2010,2010,11,TU,Tunisair,1331010.4
11/22/2010,2010,11,TU,Tunisair,1687202.24
12/1/2010,2010,12,TU,Tunisair,1600945.41
12/8/2010,2010,12,TU,Tunisair,1577952.75
12/15/2010,2010,12,TU,Tunisair,1693947.79
12/22/2010,2010,12,TU,Tunisair,2350213.78
1/1/2011,2011,1,TU,Tunisair,1585242.6
1/8/2011,2011,1,TU,Tunisair,1558213.3
1/15/2011,2011,1,TU,Tunisair,1611012.65
1/22/2011,2011,1,TU,Tunisair,2302701.15
2/1/2011,2011,2,TU,Tunisair,1666496.94
2/8/2011,2011,2,TU,Tunisair,1688637.78
2/15/2011,2011,2,TU,Tunisair,1673210.97
2/22/2011,2011,2,TU,Tunisair,1608255.43
3/1/2011,2011,3,TU,Tunisair,1765387.14
3/8/2011,2011,3,TU,Tunisair,1796387.73
3/15/2011,2011,3,TU,Tunisair,1724241.62
3/22/2011,2011,3,TU,Tunisair,2421227.95
4/1/2011,2011,4,TU,Tunisair,2069477.18
4/8/2011,2011,4,TU,Tunisair,1829764.11
4/15/2011,2011,4,TU,Tunisair,2005749.15
4/22/2011,2011,4,TU,Tunisair,2575753.33
5/1/2011,2011,5,TU,Tunisair,1983928.89
5/8/2011,2011,5,TU,Tunisair,2122973.37
5/15/2011,2011,5,TU,Tunisair,2093155.59
5/22/2011,2011,5,TU,Tunisair,2865531.58
6/1/2011,2011,6,TU,Tunisair,2380557.26
6/8/2011,2011,6,TU,Tunisair,2355374.35
6/15/2011,2011,6,TU,Tunisair,2345003.27
6/22/2011,2011,6,TU,Tunisair,2929464.51
7/1/2011,2011,7,TU,Tunisair,2899703.84
7/8/2011,2011,7,TU,Tunisair,2865630.42
7/15/2011,2011,7,TU,Tunisair,2843379.35
7/22/2011,2011,7,TU,Tunisair,3800227.42
8/1/2011,2011,8,TU,Tunisair,2998331.12
8/8/2011,2011,8,TU,Tunisair,2988482.86
8/15/2011,2011,8,TU,Tunisair,2813183.19
8/22/2011,2011,8,TU,Tunisair,3866198.88
9/1/2011,2011,9,TU,Tunisair,2139579.16
9/8/2011,2011,9,TU,Tunisair,2238814.45
9/15/2011,2011,9,TU,Tunisair,2135981.6
9/22/2011,2011,9,TU,Tunisair,2833520.28
10/1/2011,2011,10,TU,Tunisair,1753635.27
10/8/2011,2011,10,TU,Tunisair,1600179.65
10/15/2011,2011,10,TU,Tunisair,1807857.35
10/22/2011,2011,10,TU,Tunisair,2545572.17
11/1/2011,2011,11,TU,Tunisair,1586898.9
11/8/2011,2011,11,TU,Tunisair,1576648.95
11/15/2011,2011,11,TU,Tunisair,1642263.99
11/22/2011,2011,11,TU,Tunisair,2055670.62
12/1/2011,2011,12,TU,Tunisair,1825710.23
12/8/2011,2011,12,TU,Tunisair,1676244.94
12/15/2011,2011,12,TU,Tunisair,1827968.77
12/22/2011,2011,12,TU,Tunisair,2798563.53
1/1/2012,2012,1,TU,Tunisair,1969462.81
1/8/2012,2012,1,TU,Tunisair,2029972.84
1/15/2012,2012,1,TU,Tunisair,1942704.75
1/22/2012,2012,1,TU,Tunisair,2993350.12
2/1/2012,2012,2,TU,Tunisair,1859595.08
2/8/2012,2012,2,TU,Tunisair,2001695.01
2/15/2012,2012,2,TU,Tunisair,1887946.06
2/22/2012,2012,2,TU,Tunisair,2114240.62
3/1/2012,2012,3,TU,Tunisair,1993087.17
3/8/2012,2012,3,TU,Tunisair,1920780.35
3/15/2012,2012,3,TU,Tunisair,1863764.4
3/22/2012,2012,3,TU,Tunisair,2822988.35
4/1/2012,2012,4,TU,Tunisair,2083146.69
4/8/2012,2012,4,TU,Tunisair,2108175.64
4/15/2012,2012,4,TU,Tunisair,2123518.14
4/22/2012,2012,4,TU,Tunisair,2646692.12
5/1/2012,2012,5,TU,Tunisair,2119892.54
5/8/2012,2012,5,TU,Tunisair,2216123.8
5/15/2012,2012,5,TU,Tunisair,2008068.58
5/22/2012,2012,5,TU,Tunisair,3165862.83
6/1/2012,2012,6,TU,Tunisair,2379924.36
6/8/2012,2012,6,TU,Tunisair,2335917.28
6/15/2012,2012,6,TU,Tunisair,2604236.5
6/22/2012,2012,6,TU,Tunisair,3102873.61
7/1/2012,2012,7,TU,Tunisair,3017914.24
7/8/2012,2012,7,TU,Tunisair,2962195.22
7/15/2012,2012,7,TU,Tunisair,2710396.32
7/22/2012,2012,7,TU,Tunisair,4131379.3
8/1/2012,2012,8,TU,Tunisair,3037475.29
8/8/2012,2012,8,TU,Tunisair,2949048.91
8/15/2012,2012,8,TU,Tunisair,2902487.45
8/22/2012,2012,8,TU,Tunisair,4436353.27
9/1/2012,2012,9,TU,Tunisair,2392089.69
9/8/2012,2012,9,TU,Tunisair,2375718.04
9/15/2012,2012,9,TU,Tunisair,2318585.44
9/22/2012,2012,9,TU,Tunisair,2929076.92
10/1/2012,2012,10,TU,Tunisair,1876344.41
10/8/2012,2012,10,TU,Tunisair,1905709.34
10/15/2012,2012,10,TU,Tunisair,1873202.22
10/22/2012,2012,10,TU,Tunisair,2756635.95
11/1/2012,2012,11,TU,Tunisair,1767199.89
11/8/2012,2012,11,TU,Tunisair,1713153.55
11/15/2012,2012,11,TU,Tunisair,1754252.36
11/22/2012,2012,11,TU,Tunisair,2213423.51
12/1/2012,2012,12,TU,Tunisair,1960249.39
12/8/2012,2012,12,TU,Tunisair,1995352.37
12/15/2012,2012,12,TU,Tunisair,1972779.14
12/22/2012,2012,12,TU,Tunisair,2847078.61
1/1/2013,2013,1,TU,Tunisair,2183628.84
1/8/2013,2013,1,TU,Tunisair,2286916.9
1/15/2013,2013,1,TU,Tunisair,2340084.06
1/22/2013,2013,1,TU,Tunisair,3385207.23
2/1/2013,2013,2,TU,Tunisair,2068956.37
2/8/2013,2013,2,TU,Tunisair,2203738.36
2/15/2013,2013,2,TU,Tunisair,2284065.53
2/22/2013,2013,2,TU,Tunisair,2177828.76
3/1/2013,2013,3,TU,Tunisair,2068070.8
3/8/2013,2013,3,TU,Tunisair,2107666.13
3/15/2013,2013,3,TU,Tunisair,2092899
3/22/2013,2013,3,TU,Tunisair,3034209.81
4/1/2013,2013,4,TU,Tunisair,2222769.89
4/8/2013,2013,4,TU,Tunisair,2228984.29
4/15/2013,2013,4,TU,Tunisair,2156432.65
4/22/2013,2013,4,TU,Tunisair,2833617.25
5/1/2013,2013,5,TU,Tunisair,2437273.67
5/8/2013,2013,5,TU,Tunisair,2318183.23
5/15/2013,2013,5,TU,Tunisair,2321092.92
5/22/2013,2013,5,TU,Tunisair,3278146.02
6/1/2013,2013,6,TU,Tunisair,2820190.35
6/8/2013,2013,6,TU,Tunisair,2662472.7
6/15/2013,2013,6,TU,Tunisair,2832036.12
6/22/2013,2013,6,TU,Tunisair,3413015.36
7/1/2013,2013,7,TU,Tunisair,3249333.98
7/8/2013,2013,7,TU,Tunisair,3398578.1
7/15/2013,2013,7,TU,Tunisair,3389630.93
7/22/2013,2013,7,TU,Tunisair,4870568.68
8/1/2013,2013,8,TU,Tunisair,3570110.85
8/8/2013,2013,8,TU,Tunisair,3392408.29
8/15/2013,2013,8,TU,Tunisair,3495472.21
8/22/2013,2013,8,TU,Tunisair,4760706
9/1/2013,2013,9,TU,Tunisair,2678117.76
9/8/2013,2013,9,TU,Tunisair,2621853.24
9/15/2013,2013,9,TU,Tunisair,2613239.99
9/22/2013,2013,9,TU,Tunisair,3319637.05
10/1/2013,2013,10,TU,Tunisair,2044309.18
10/8/2013,2013,10,TU,Tunisair,2078022.75
10/15/2013,2013,10,TU,Tunisair,2139026.55
10/22/2013,2013,10,TU,Tunisair,3000996.1
11/1/2013,2013,11,TU,Tunisair,1965649.56
11/8/2013,2013,11,TU,Tunisair,1864023.85
11/15/2013,2013,11,TU,Tunisair,1969578.04
11/22/2013,2013,11,TU,Tunisair,2455425.21
12/1/2013,2013,12,TU,Tunisair,2162482.39
12/8/2013,2013,12,TU,Tunisair,2235539.18
12/15/2013,2013,12,TU,Tunisair,2101657.45
12/22/2013,2013,12,TU,Tunisair,3289520.86
1/1/2014,2014,1,TU,Tunisair,2452359
1/8/2014,2014,1,TU,Tunisair,2376892.43
1/15/2014,2014,1,TU,Tunisair,2298517.3
1/22/2014,2014,1,TU,Tunisair,3289360.59
2/1/2014,2014,2,TU,Tunisair,2245971.16
2/8/2014,2014,2,TU,Tunisair,2066373.58
2/15/2014,2014,2,TU,Tunisair,2272176.49
2/22/2014,2014,2,TU,Tunisair,2310422.02
3/1/2014,2014,3,TU,Tunisair,2110856.64
3/8/2014,2014,3,TU,Tunisair,2097224.17
3/15/2014,2014,3,TU,Tunisair,2147745.85
3/22/2014,2014,3,TU,Tunisair,3086207.48
4/1/2014,2014,4,TU,Tunisair,2317013.17
4/8/2014,2014,4,TU,Tunisair,2232991.93
4/15/2014,2014,4,TU,Tunisair,2177681.94
4/22/2014,2014,4,TU,Tunisair,2822822.01
5/1/2014,2014,5,TU,Tunisair,2353690.75
5/8/2014,2014,5,TU,Tunisair,2466184.34
5/15/2014,2014,5,TU,Tunisair,2312580.15
5/22/2014,2014,5,TU,Tunisair,3218056.33
6/1/2014,2014,6,TU,Tunisair,2718922.28
6/8/2014,2014,6,TU,Tunisair,2598566.34
6/15/2014,2014,6,TU,Tunisair,2836694.15
6/22/2014,2014,6,TU,Tunisair,3433768.2
7/1/2014,2014,7,TU,Tunisair,3236706.51
7/8/2014,2014,7,TU,Tunisair,3148796.71
7/15/2014,2014,7,TU,Tunisair,3250383.78
7/22/2014,2014,7,TU,Tunisair,4928639.31
8/1/2014,2014,8,TU,Tunisair,3134818.85
8/8/2014,2014,8,TU,Tunisair,3084417.15
8/15/2014,2014,8,TU,Tunisair,3306119.93
8/22/2014,2014,8,TU,Tunisair,4637695.26
9/1/2014,2014,9,TU,Tunisair,2358591.02
9/8/2014,2014,9,TU,Tunisair,2383667.83
9/15/2014,2014,9,TU,Tunisair,2322753.94
9/22/2014,2014,9,TU,Tunisair,2851599.11
10/1/2014,2014,10,TU,Tunisair,1767156.04
10/8/2014,2014,10,TU,Tunisair,1805922.38
10/15/2014,2014,10,TU,Tunisair,1738631.39
10/22/2014,2014,10,TU,Tunisair,2407931.28
11/1/2014,2014,11,TU,Tunisair,1469606.66
11/8/2014,2014,11,TU,Tunisair,1394434.67
11/15/2014,2014,11,TU,Tunisair,1394732.69
11/22/2014,2014,11,TU,Tunisair,1820301.86
12/1/2014,2014,12,TU,Tunisair,1444736.75
12/8/2014,2014,12,TU,Tunisair,1407310.09
12/15/2014,2014,12,TU,Tunisair,1378180.72
12/22/2014,2014,12,TU,Tunisair,2039622.68
1/1/2015,2015,1,TU,Tunisair,1149127.85
1/8/2015,2015,1,TU,Tunisair,1120725.97
1/15/2015,2015,1,TU,Tunisair,1093982.15
1/22/2015,2015,1,TU,Tunisair,1466897.73
2/1/2015,2015,2,TU,Tunisair,1176813.2
2/8/2015,2015,2,TU,Tunisair,1006644.97
2/15/2015,2015,2,TU,Tunisair,1037052.87
2/22/2015,2015,2,TU,Tunisair,1024987.36
3/1/2015,2015,3,TU,Tunisair,1098107.68
3/8/2015,2015,3,TU,Tunisair,1054229.96
3/15/2015,2015,3,TU,Tunisair,987053.84
3/22/2015,2015,3,TU,Tunisair,1498112.87
4/1/2015,2015,4,TU,Tunisair,1165967.9
4/8/2015,2015,4,TU,Tunisair,1131315.67
4/15/2015,2015,4,TU,Tunisair,1095209.17
4/22/2015,2015,4,TU,Tunisair,1433618.25
5/1/2015,2015,5,TU,Tunisair,1159933.74
5/8/2015,2015,5,TU,Tunisair,1178881.35
5/15/2015,2015,5,TU,Tunisair,1156509.3
5/22/2015,2015,5,TU,Tunisair,1726079.81
6/1/2015,2015,6,TU,Tunisair,1334776.39
6/8/2015,2015,6,TU,Tunisair,1297014.23
6/15/2015,2015,6,TU,Tunisair,1344951.17
6/22/2015,2015,6,TU,Tunisair,1858969.42
7/1/2015,2015,7,TU,Tunisair,1612678.76
7/8/2015,2015,7,TU,Tunisair,1780520.9
7/15/2015,2015,7,TU,Tunisair,1674001.23
7/22/2015,2015,7,TU,Tunisair,2255174.4
8/1/2015,2015,8,TU,Tunisair,1559475.49
8/8/2015,2015,8,TU,Tunisair,1620065.09
8/15/2015,2015,8,TU,Tunisair,1540170.77
8/22/2015,2015,8,TU,Tunisair,2485555.25
9/1/2015,2015,9,TU,Tunisair,1142175.26
9/8/2015,2015,9,TU,Tunisair,1211409.86
9/15/2015,2015,9,TU,Tunisair,1243677.81
9/22/2015,2015,9,TU,Tunisair,1515456.18
10/1/2015,2015,10,TU,Tunisair,878259.74
10/8/2015,2015,10,TU,Tunisair,901280.17
10/15/2015,2015,10,TU,Tunisair,921513.42
10/22/2015,2015,10,TU,Tunisair,1339813.03
11/1/2015,2015,11,TU,Tunisair,766650.35
11/8/2015,2015,11,TU,Tunisair,727634.09
11/15/2015,2015,11,TU,Tunisair,766264.91
11/22/2015,2015,11,TU,Tunisair,960556.15
12/1/2015,2015,12,TU,Tunisair,723516.01
12/8/2015,2015,12,TU,Tunisair,764250.52
12/15/2015,2015,12,TU,Tunisair,744101.17
12/22/2015,2015,12,TU,Tunisair,1142095.46
1/1/2016,2016,1,TU,Tunisair,694349.04
1/8/2016,2016,1,TU,Tunisair,692405.6
1/15/2016,2016,1,TU,Tunisair,637068.95
1/22/2016,2016,1,TU,Tunisair,913538.06
2/1/2016,2016,2,TU,Tunisair,664384.5
2/8/2016,2016,2,TU,Tunisair,672842.59
2/15/2016,2016,2,TU,Tunisair,639237.05
2/22/2016,2016,2,TU,Tunisair,737721.44
3/1/2016,2016,3,TU,Tunisair,744691.28
3/8/2016,2016,3,TU,Tunisair,688694.17
3/15/2016,2016,3,TU,Tunisair,679551.5
3/22/2016,2016,3,TU,Tunisair,991707.63
4/1/2016,2016,4,TU,Tunisair,817243.05
4/8/2016,2016,4,TU,Tunisair,772349.86
4/15/2016,2016,4,TU,Tunisair,794027.38
4/22/2016,2016,4,TU,Tunisair,987804.91
5/1/2016,2016,5,TU,Tunisair,813361.83
5/8/2016,2016,5,TU,Tunisair,875318.41
5/15/2016,2016,5,TU,Tunisair,842684.02
5/22/2016,2016,5,TU,Tunisair,1169572.65
6/1/2016,2016,6,TU,Tunisair,954127.3
6/8/2016,2016,6,TU,Tunisair,975589.71
6/15/2016,2016,6,TU,Tunisair,1022613.42
6/22/2016,2016,6,TU,Tunisair,1243220.93
7/1/2016,2016,7,TU,Tunisair,1244181.71
7/8/2016,2016,7,TU,Tunisair,1127145.61
7/15/2016,2016,7,TU,Tunisair,1172052.34
7/22/2016,2016,7,TU,Tunisair,1794710.25
8/1/2016,2016,8,TU,Tunisair,1221234.09
8/8/2016,2016,8,TU,Tunisair,1368178.53
8/15/2016,2016,8,TU,Tunisair,1228427.26
8/22/2016,2016,8,TU,Tunisair,1870573.01
9/1/2016,2016,9,TU,Tunisair,1058976.87
9/8/2016,2016,9,TU,Tunisair,1096147.97
9/15/2016,2016,9,TU,Tunisair,947779.66
9/22/2016,2016,9,TU,Tunisair,1277867.14
10/1/2016,2016,10,TU,Tunisair,845470.1
10/8/2016,2016,10,TU,Tunisair,863671.71
10/15/2016,2016,10,TU,Tunisair,835592.07
10/22/2016,2016,10,TU,Tunisair,1222699.99
11/1/2016,2016,11,TU,Tunisair,791652.52
11/8/2016,2016,11,TU,Tunisair,814342.4
11/15/2016,2016,11,TU,Tunisair,801464.09
11/22/2016,2016,11,TU,Tunisair,1070995.57
12/1/2016,2016,12,TU,Tunisair,976130
12/8/2016,2016,12,TU,Tunisair,1004641.27
12/15/2016,2016,12,TU,Tunisair,934683.24
12/22/2016,2016,12,TU,Tunisair,1351449.77
1/1/2017,2017,1,TU,Tunisair,1123019.51
1/8/2017,2017,1,TU,Tunisair,1109573.31
1/15/2017,2017,1,TU,Tunisair,1119105.86
1/22/2017,2017,1,TU,Tunisair,1514065.59
2/1/2017,2017,2,TU,Tunisair,1079689.22
2/8/2017,2017,2,TU,Tunisair,1031681.3
2/15/2017,2017,2,TU,Tunisair,1030123.12
2/22/2017,2017,2,TU,Tunisair,1006578.31
3/1/2017,2017,3,TU,Tunisair,1012492.22
3/8/2017,2017,3,TU,Tunisair,968167.87
3/15/2017,2017,3,TU,Tunisair,1012100.28
3/22/2017,2017,3,TU,Tunisair,1403184.16
4/1/2017,2017,4,TU,Tunisair,998580.08
4/8/2017,2017,4,TU,Tunisair,1021610.57
4/15/2017,2017,4,TU,Tunisair,1090056.63
4/22/2017,2017,4,TU,Tunisair,1328695.56
5/1/2017,2017,5,TU,Tunisair,1077015.04
5/8/2017,2017,5,TU,Tunisair,1112716.79
5/15/2017,2017,5,TU,Tunisair,1112811.32
5/22/2017,2017,5,TU,Tunisair,1542986.61
6/1/2017,2017,6,TU,Tunisair,1289156.58
6/8/2017,2017,6,TU,Tunisair,1282203.22
6/15/2017,2017,6,TU,Tunisair,1185831.37
6/22/2017,2017,6,TU,Tunisair,1706123.11
7/1/2017,2017,7,TU,Tunisair,1552756.61
7/8/2017,2017,7,TU,Tunisair,1671104.54
7/15/2017,2017,7,TU,Tunisair,1533808.7
7/22/2017,2017,7,TU,Tunisair,2156837.27
8/1/2017,2017,8,TU,Tunisair,1772278.91
8/8/2017,2017,8,TU,Tunisair,1607154.01
8/15/2017,2017,8,TU,Tunisair,1663663.92
8/22/2017,2017,8,TU,Tunisair,2481606.83
9/1/2017,2017,9,TU,Tunisair,1386053.38
9/8/2017,2017,9,TU,Tunisair,1320984.35
9/15/2017,2017,9,TU,Tunisair,1411460.21
9/22/2017,2017,9,TU,Tunisair,1790607.59
10/1/2017,2017,10,TU,Tunisair,1196864.26
10/8/2017,2017,10,TU,Tunisair,1168994.19
10/15/2017,2017,10,TU,Tunisair,1267094.29
10/22/2017,2017,10,TU,Tunisair,1542019.94
11/1/2017,2017,11,TU,Tunisair,1078738.67
11/8/2017,2017,11,TU,Tunisair,1039254.61
11/15/2017,2017,11,TU,Tunisair,1123189.33
11/22/2017,2017,11,TU,Tunisair,1427927.64
12/1/2017,2017,12,TU,Tunisair,1337617.67
12/8/2017,2017,12,TU,Tunisair,1267767.55
12/15/2017,2017,12,TU,Tunisair,1269235.39
12/22/2017,2017,12,TU,Tunisair,1729492.02
1/1/2018,2018,1,TU,Tunisair,1475302.81
1/8/2018,2018,1,TU,Tunisair,1416775.78
1/15/2018,2018,1,TU,Tunisair,1379305.83
1/22/2018,2018,1,TU,Tunisair,2053566.32
2/1/2018,2018,2,TU,Tunisair,1470530.36
2/8/2018,2018,2,TU,Tunisair,1481781.55
2/15/2018,2018,2,TU,Tunisair,1351450.34
2/22/2018,2018,2,TU,Tunisair,1397072.33
3/1/2018,2018,3,TU,Tunisair,1449056.48
3/8/2018,2018,3,TU,Tunisair,1457115.02
3/15/2018,2018,3,TU,Tunisair,1487429.82
3/22/2018,2018,3,TU,Tunisair,1983434.57
4/1/2018,2018,4,TU,Tunisair,1538598.73
4/8/2018,2018,4,TU,Tunisair,1650012.75
4/15/2018,2018,4,TU,Tunisair,1568874.26
4/22/2018,2018,4,TU,Tunisair,2029437.77
5/1/2018,2018,5,TU,Tunisair,1667030.11
5/8/2018,2018,5,TU,Tunisair,1712968.46
5/15/2018,2018,5,TU,Tunisair,1773476.78
5/22/2018,2018,5,TU,Tunisair,2391966.69
6/1/2018,2018,6,TU,Tunisair,2071176.64
6/8/2018,2018,6,TU,Tunisair,1925260.07
6/15/2018,2018,6,TU,Tunisair,2027113.58
6/22/2018,2018,6,TU,Tunisair,2634362.94
7/1/2018,2018,7,TU,Tunisair,2479008.37
7/8/2018,2018,7,TU,Tunisair,2643874.53
7/15/2018,2018,7,TU,Tunisair,2485848.22
7/22/2018,2018,7,TU,Tunisair,3534663.55
8/1/2018,2018,8,TU,Tunisair,2485388.61
8/8/2018,2018,8,TU,Tunisair,2653560.43
8/15/2018,2018,8,TU,Tunisair,2512386.24
8/22/2018,2018,8,TU,Tunisair,3666997.62
9/1/2018,2018,9,TU,Tunisair,1929858.67
9/8/2018,2018,9,TU,Tunisair,1985959.46
9/15/2018,2018,9,TU,Tunisair,1899027.75
9/22/2018,2018,9,TU,Tunisair,2495568.71
10/1/2018,2018,10,TU,Tunisair,1559830.66
10/8/2018,2018,10,TU,Tunisair,1513469.32
10/15/2018,2018,10,TU,Tunisair,1592486.71
10/22/2018,2018,10,TU,Tunisair,2149670.43
11/1/2018,2018,11,TU,Tunisair,1338688.67
11/8/2018,2018,11,TU,Tunisair,1408262.54
11/15/2018,2018,11,TU,Tunisair,1317425.13
11/22/2018,2018,11,TU,Tunisair,1640987.39
12/1/2018,2018,12,TU,Tunisair,1499870.89
12/8/2018,2018,12,TU,Tunisair,1455331.27
12/15/2018,2018,12,TU,Tunisair,1325823.71
12/22/2018,2018,12,TU,Tunisair,2052530.25
1/1/2019,2019,1,TU,Tunisair,1465895.8
1/8/2019,2019,1,TU,Tunisair,1577714.28
1/15/2019,2019,1,TU,Tunisair,1448971.57
1/22/2019,2019,1,TU,Tunisair,2080979.12
2/1/2019,2019,2,TU,Tunisair,1454405.6
2/8/2019,2019,2,TU,Tunisair,1446852.26
2/15/2019,2019,2,TU,Tunisair,1465442.31
2/22/2019,2019,2,TU,Tunisair,1426773.78
3/1/2019,2019,3,TU,Tunisair,1454293.61
3/8/2019,2019,3,TU,Tunisair,1423909.6
3/15/2019,2019,3,TU,Tunisair,1429681.65
3/22/2019,2019,3,TU,Tunisair,2037695.35
4/1/2019,2019,4,TU,Tunisair,1539535.73
4/8/2019,2019,4,TU,Tunisair,1530615.31
4/15/2019,2019,4,TU,Tunisair,1500824.8
4/22/2019,2019,4,TU,Tunisair,2049929.13
5/1/2019,2019,5,TU,Tunisair,1612875.95
5/8/2019,2019,5,TU,Tunisair,1591168.01
5/15/2019,2019,5,TU,Tunisair,1589358.7
5/22/2019,2019,5,TU,Tunisair,2436664.42
6/1/2019,2019,6,TU,Tunisair,1962220.21
6/8/2019,2019,6,TU,Tunisair,1978263.56
6/15/2019,2019,6,TU,Tunisair,1769762.42
6/22/2019,2019,6,TU,Tunisair,2444611.03
7/1/2019,2019,7,TU,Tunisair,2209893.72
7/8/2019,2019,7,TU,Tunisair,2355945.48
7/15/2019,2019,7,TU,Tunisair,2422870.24
7/22/2019,2019,7,TU,Tunisair,3335969.11
8/1/2019,2019,8,TU,Tunisair,2448470.11
8/8/2019,2019,8,TU,Tunisair,2318735.97
8/15/2019,2019,8,TU,Tunisair,2453284.08
8/22/2019,2019,8,TU,Tunisair,3248648.91
9/1/2019,2019,9,TU,Tunisair,1766410.12
9/8/2019,2019,9,TU,Tunisair,1808932.61
9/15/2019,2019,9,TU,Tunisair,1816177.61
9/22/2019,2019,9,TU,Tunisair,2281882.73
10/1/2019,2019,10,TU,Tunisair,1549821.81
10/8/2019,2019,10,TU,Tunisair,1430242.93
10/15/2019,2019,10,TU,Tunisair,1428385.04
10/22/2019,2019,10,TU,Tunisair,1873033.66
11/1/2019,2019,11,TU,Tunisair,1330516.39
11/8/2019,2019,11,TU,Tunisair,1236761.62
11/15/2019,2019,11,TU,Tunisair,1201371.48
11/22/2019,2019,11,TU,Tunisair,1685402.93
12/1/2019,2019,12,TU,Tunisair,1477925.75
12/8/2019,2019,12,TU,Tunisair,1422036.44
12/15/2019,2019,12,TU,Tunisair,1345517.17
12/22/2019,2019,12,TU,Tunisair,2053485.01
1/1/2020,2020,1,TU,Tunisair,1660855.5
1/8/2020,2020,1,TU,Tunisair,1628210.09
1/15/2020,2020,1,TU,Tunisair,1759779.63
1/22/2020,2020,1,TU,Tunisair,2244366.45
2/1/2020,2020,2,TU,Tunisair,1243933.78
2/8/2020,2020,2,TU,Tunisair,1239331.42
2/15/2020,2020,2,TU,Tunisair,1307279.6
2/22/2020,2020,2,TU,Tunisair,1409832.22
3/1/2020,2020,3,TU,Tunisair,395000.36
3/8/2020,2020,3,TU,Tunisair,413210.79
3/15/2020,2020,3,TU,Tunisair,426631.06
3/22/2020,2020,3,TU,Tunisair,615664.21
4/1/2020,2020,4,TU,Tunisair,26113.62
4/8/2020,2020,4,TU,Tunisair,23515.28
4/15/2020,2020,4,TU,Tunisair,24955.37
4/22/2020,2020,4,TU,Tunisair,33562.21
5/1/2020,2020,5,TU,Tunisair,18126.97
5/8/2020,2020,5,TU,Tunisair,18317.81
5/15/2020,2020,5,TU,Tunisair,16962.75
5/22/2020,2020,5,TU,Tunisair,25511.86
6/1/2020,2020,6,TU,Tunisair,87898.34
6/8/2020,2020,6,TU,Tunisair,86407.47
6/15/2020,2020,6,TU,Tunisair,85030.54
6/22/2020,2020,6,TU,Tunisair,109713.51
7/1/2020,2020,7,TU,Tunisair,194631.21
7/8/2020,2020,7,TU,Tunisair,190025.86
7/15/2020,2020,7,TU,Tunisair,207050.57
7/22/2020,2020,7,TU,Tunisair,282476.41
8/1/2020,2020,8,TU,Tunisair,238442
8/8/2020,2020,8,TU,Tunisair,233842.56
8/15/2020,2020,8,TU,Tunisair,235394.79
8/22/2020,2020,8,TU,Tunisair,343744.76
9/1/2020,2020,9,TU,Tunisair,143074.56
9/8/2020,2020,9,TU,Tunisair,148737.18
9/15/2020,2020,9,TU,Tunisair,149659.29
9/22/2020,2020,9,TU,Tunisair,190259.62
10/1/2020,2020,10,TU,Tunisair,93815.3
10/8/2020,2020,10,TU,Tunisair,98974.2
10/15/2020,2020,10,TU,Tunisair,102635.47
10/22/2020,2020,10,TU,Tunisair,134707.61
11/1/2020,2020,11,TU,Tunisair,79402.93
11/8/2020,2020,11,TU,Tunisair,78483.32
11/15/2020,2020,11,TU,Tunisair,69046.06
11/22/2020,2020,11,TU,Tunisair,95254.07
12/1/2020,2020,12,TU,Tunisair,106354.98
12/8/2020,2020,12,TU,Tunisair,111752.04
12/15/2020,2020,12,TU,Tunisair,109493.32
12/22/2020,2020,12,TU,Tunisair,157974.03
1/1/2021,2021,1,TU,Tunisair,158445.86
1/8/2021,2021,1,TU,Tunisair,150117.74
1/15/2021,2021,1,TU,Tunisair,150944.3
1/22/2021,2021,1,TU,Tunisair,211943.22
2/1/2021,2021,2,TU,Tunisair,183190.63
2/8/2021,2021,2,TU,Tunisair,183520.67
2/15/2021,2021,2,TU,Tunisair,185393.19
2/22/2021,2021,2,TU,Tunisair,179597.68
3/1/2021,2021,3,TU,Tunisair,254052.91
3/8/2021,2021,3,TU,Tunisair,254144.14
3/15/2021,2021,3,TU,Tunisair,259568.63
3/22/2021,2021,3,TU,Tunisair,360529.21
4/1/2021,2021,4,TU,Tunisair,376652.49
4/8/2021,2021,4,TU,Tunisair,383029.97
4/15/2021,2021,4,TU,Tunisair,382209.11
4/22/2021,2021,4,TU,Tunisair,470166.9
5/1/2021,2021,5,TU,Tunisair,489776.48
5/8/2021,2021,5,TU,Tunisair,496815.11
5/15/2021,2021,5,TU,Tunisair,501053.95
5/22/2021,2021,5,TU,Tunisair,670293.97
6/1/2021,2021,6,TU,Tunisair,718860.53
6/8/2021,2021,6,TU,Tunisair,721151.49
6/15/2021,2021,6,TU,Tunisair,710730.08
6/22/2021,2021,6,TU,Tunisair,933685.63
7/1/2021,2021,7,TU,Tunisair,1163157.65
7/8/2021,2021,7,TU,Tunisair,1160189.33
7/15/2021,2021,7,TU,Tunisair,1240026.04
7/22/2021,2021,7,TU,Tunisair,1678351.67
8/1/2021,2021,8,TU,Tunisair,1390304.87
8/8/2021,2021,8,TU,Tunisair,1429870.96
8/15/2021,2021,8,TU,Tunisair,1394349.92
8/22/2021,2021,8,TU,Tunisair,2001727.24
9/1/2021,2021,9,TU,Tunisair,1007151.92
9/8/2021,2021,9,TU,Tunisair,966281.58
9/15/2021,2021,9,TU,Tunisair,1008303.38
9/22/2021,2021,9,TU,Tunisair,1246156.29
10/1/2021,2021,10,TU,Tunisair,781300.82
10/8/2021,2021,10,TU,Tunisair,743524.93
10/15/2021,2021,10,TU,Tunisair,800480.95
10/22/2021,2021,10,TU,Tunisair,1137049.59
11/1/2021,2021,11,TU,Tunisair,689913.46
11/8/2021,2021,11,TU,Tunisair,680813.36
11/15/2021,2021,11,TU,Tunisair,693162.5
11/22/2021,2021,11,TU,Tunisair,817997.41
12/1/2021,2021,12,TU,Tunisair,856635.31
12/8/2021,2021,12,TU,Tunisair,886195.86
12/15/2021,2021,12,TU,Tunisair,901598.14
12/22/2021,2021,12,TU,Tunisair,1269082.49
1/1/2022,2022,1,TU,Tunisair,1116880.81
1/8/2022,2022,1,TU,Tunisair,1162989.62
1/15/2022,2022,1,TU,Tunisair,1139201.14
1/22/2022,2022,1,TU,Tunisair,1591840.51
2/1/2022,2022,2,TU,Tunisair,1430531.64
2/8/2022,2022,2,TU,Tunisair,1403828.57
2/15/2022,2022,2,TU,Tunisair,1473445.27
2/22/2022,2022,2,TU,Tunisair,1447164.38
3/1/2022,2022,3,TU,Tunisair,1910404.68
3/8/2022,2022,3,TU,Tunisair,1883481.75
3/15/2022,2022,3,TU,Tunisair,1807417.54
3/22/2022,2022,3,TU,Tunisair,2573601.92
4/1/2022,2022,4,TU,Tunisair,2161274.59
4/8/2022,2022,4,TU,Tunisair,2508205.19
4/15/2022,2022,4,TU,Tunisair,2192514.13
4/22/2022,2022,4,TU,Tunisair,2908114.28
5/1/2022,2022,5,TU,Tunisair,2797813.49
5/8/2022,2022,5,TU,Tunisair,2805677.18
5/15/2022,2022,5,TU,Tunisair,2775632.01
5/22/2022,2022,5,TU,Tunisair,3783232.66
6/1/2022,2022,6,TU,Tunisair,3677226.83
6/8/2022,2022,6,TU,Tunisair,3624885.4
6/15/2022,2022,6,TU,Tunisair,3793440.52
6/22/2022,2022,6,TU,Tunisair,4781702.31
7/1/2022,2022,7,TU,Tunisair,4274330.52
7/8/2022,2022,7,TU,Tunisair,4412759.02
7/15/2022,2022,7,TU,Tunisair,4290333.08
7/22/2022,2022,7,TU,Tunisair,6460780.6
8/1/2022,2022,8,TU,Tunisair,4167673.26
8/8/2022,2022,8,TU,Tunisair,4258069.87
8/15/2022,2022,8,TU,Tunisair,4028808.69
8/22/2022,2022,8,TU,Tunisair,6174152.2
9/1/2022,2022,9,TU,Tunisair,2609657.09
9/8/2022,2022,9,TU,Tunisair,2685070.34
9/15/2022,2022,9,TU,Tunisair,2677773.73
9/22/2022,2022,9,TU,Tunisair,3382879.21
10/1/2022,2022,10,TU,Tunisair,1848757.12
10/8/2022,2022,10,TU,Tunisair,1810050.78
10/15/2022,2022,10,TU,Tunisair,1921237.84
10/22/2022,2022,10,TU,Tunisair,2706845.17
11/1/2022,2022,11,TU,Tunisair,1579328.64
11/8/2022,2022,11,TU,Tunisair,1488950.26
11/15/2022,2022,11,TU,Tunisair,1493344.32
11/22/2022,2022,11,TU,Tunisair,1950447.11
12/1/2022,2022,12,TU,Tunisair,1664847.4
12/8/2022,2022,12,TU,Tunisair,1705578.61
12/15/2022,2022,12,TU,Tunisair,1626554.29
12/22/2022,2022,12,TU,Tunisair,2497754.33
1/1/2023,2023,1,TU,Tunisair,1984756.8
1/8/2023,2023,1,TU,Tunisair,1844703.82
1/15/2023,2023,1,TU,Tunisair,1951492.66
1/22/2023,2023,1,TU,Tunisair,2578494.23
2/1/2023,2023,2,TU,Tunisair,1842303.28
2/8/2023,2023,2,TU,Tunisair,1855720.11
2/15/2023,2023,2,TU,Tunisair,1851661.82
2/22/2023,2023,2,TU,Tunisair,1870545.73
3/1/2023,2023,3,TU,Tunisair,1811168.31
3/8/2023,2023,3,TU,Tunisair,1798336.43
3/15/2023,2023,3,TU,Tunisair,1933076.95
3/22/2023,2023,3,TU,Tunisair,2735130.12
4/1/2023,2023,4,TU,Tunisair,1984539.85
4/8/2023,2023,4,TU,Tunisair,2157872.48
4/15/2023,2023,4,TU,Tunisair,1949845.93
4/22/2023,2023,4,TU,Tunisair,2581990.64
5/1/2023,2023,5,TU,Tunisair,2381359.46
5/8/2023,2023,5,TU,Tunisair,2083478.39
5/15/2023,2023,5,TU,Tunisair,2306159.62
5/22/2023,2023,5,TU,Tunisair,3087855.93
6/1/2023,2023,6,TU,Tunisair,2705815.23
6/8/2023,2023,6,TU,Tunisair,2702369.3
6/15/2023,2023,6,TU,Tunisair,2881067.05
6/22/2023,2023,6,TU,Tunisair,3397327.4
7/1/2023,2023,7,TU,Tunisair,3556775.68
7/8/2023,2023,7,TU,Tunisair,3643632.9
7/15/2023,2023,7,TU,Tunisair,3533969.03
7/22/2023,2023,7,TU,Tunisair,4946861.96
8/1/2023,2023,8,TU,Tunisair,3693873.57
8/8/2023,2023,8,TU,Tunisair,3713657.92
8/15/2023,2023,8,TU,Tunisair,3816076.06
8/22/2023,2023,8,TU,Tunisair,5113381.32
9/1/2023,2023,9,TU,Tunisair,2578214.12
9/8/2023,2023,9,TU,Tunisair,2648996.74
9/15/2023,2023,9,TU,Tunisair,2604064.11
9/22/2023,2023,9,TU,Tunisair,3345947.43
10/1/2023,2023,10,TU,Tunisair,1997575.09
10/8/2023,2023,10,TU,Tunisair,1950085.89
10/15/2023,2023,10,TU,Tunisair,1942820.82
10/22/2023,2023,10,TU,Tunisair,2899423.75
11/1/2023,2023,11,TU,Tunisair,1670748.9
11/8/2023,2023,11,TU,Tunisair,1808201.8
11/15/2023,2023,11,TU,Tunisair,1750552.11
11/22/2023,2023,11,TU,Tunisair,2133920.63
12/1/2023,2023,12,TU,Tunisair,1944234.26
12/8/2023,2023,12,TU,Tunisair,1936435.05
12/15/2023,2023,12,TU,Tunisair,1976518.68
12/22/2023,2023,12,TU,Tunisair,2861782.6
1/1/2024,2024,1,TU,Tunisair,2160055.17
1/8/2024,2024,1,TU,Tunisair,2133913.68
1/15/2024,2024,1,TU,Tunisair,2141708.49
1/22/2024,2024,1,TU,Tunisair,3018544.67
2/1/2024,2024,2,TU,Tunisair,1950738.96
2/8/2024,2024,2,TU,Tunisair,2023015.82
2/15/2024,2024,2,TU,Tunisair,2004140.32
2/22/2024,2024,2,TU,Tunisair,2249854.04
3/1/2024,2024,3,TU,Tunisair,1995752.54
3/8/2024,2024,3,TU,Tunisair,2073633.38
3/15/2024,2024,3,TU,Tunisair,2012721.8
3/22/2024,2024,3,TU,Tunisair,2820150.01
4/1/2024,2024,4,TU,Tunisair,2137778.27
4/8/2024,2024,4,TU,Tunisair,2129291.87
4/15/2024,2024,4,TU,Tunisair,2068697.31
4/22/2024,2024,4,TU,Tunisair,2843240.13
5/1/2024,2024,5,TU,Tunisair,2241909.14
5/8/2024,2024,5,TU,Tunisair,2180550.87
5/15/2024,2024,5,TU,Tunisair,2187420.97
5/22/2024,2024,5,TU,Tunisair,3168029.45
6/1/2024,2024,6,TU,Tunisair,2454757.15
6/8/2024,2024,6,TU,Tunisair,2534076.45
6/15/2024,2024,6,TU,Tunisair,2599849.38
6/22/2024,2024,6,TU,Tunisair,3168437.08
7/1/2024,2024,7,TU,Tunisair,3060860.37
7/8/2024,2024,7,TU,Tunisair,3106564.7
7/15/2024,2024,7,TU,Tunisair,2978746.69
7/22/2024,2024,7,TU,Tunisair,4136243.71
8/1/2024,2024,8,TU,Tunisair,3122887.62
8/8/2024,2024,8,TU,Tunisair,2860706.91
8/15/2024,2024,8,TU,Tunisair,3216416.72
8/22/2024,2024,8,TU,Tunisair,4455885.08
9/1/2024,2024,9,TU,Tunisair,2369371.2
9/8/2024,2024,9,TU,Tunisair,2358117.55
9/15/2024,2024,9,TU,Tunisair,2498196.66
9/22/2024,2024,9,TU,Tunisair,2926223.25
10/1/2024,2024,10,TU,Tunisair,1877974.56
10/8/2024,2024,10,TU,Tunisair,1916481.75
10/15/2024,2024,10,TU,Tunisair,1939524.68
10/22/2024,2024,10,TU,Tunisair,2697866.26
11/1/2024,2024,11,TU,Tunisair,1724971.13
11/8/2024,2024,11,TU,Tunisair,1723895.25
11/15/2024,2024,11,TU,Tunisair,1666859.06
11/22/2024,2024,11,TU,Tunisair,2329709.09
12/1/2024,2024,12,TU,Tunisair,1918333.91
12/8/2024,2024,12,TU,Tunisair,1926475.45
12/15/2024,2024,12,TU,Tunisair,2043134.02
12/22/2024,2024,12,TU,Tunisair,2859918.57
1/1/2025,2025,1,TU,Tunisair,2056888.57
1/8/2025,2025,1,TU,Tunisair,1983331.02
1/15/2025,2025,1,TU,Tunisair,1953929.99
1/22/2025,2025,1,TU,Tunisair,2830636.55
2/1/2025,2025,2,TU,Tunisair,1852529.1
2/8/2025,2025,2,TU,Tunisair,1932813.23
2/15/2025,2025,2,TU,Tunisair,1866056.26
2/22/2025,2025,2,TU,Tunisair,1948519.06
3/1/2025,2025,3,TU,Tunisair,1822671.54
3/8/2025,2025,3,TU,Tunisair,1850957.24
3/15/2025,2025,3,TU,Tunisair,1842213.94
3/22/2025,2025,3,TU,Tunisair,2621343.2
4/1/2025,2025,4,TU,Tunisair,2028592.44
4/8/2025,2025,4,TU,Tunisair,1939643.5
4/15/2025,2025,4,TU,Tunisair,1957260.38
4/22/2025,2025,4,TU,Tunisair,2377074.17
5/1/2025,2025,5,TU,Tunisair,2052482.43
5/8/2025,2025,5,TU,Tunisair,1983823.82
5/15/2025,2025,5,TU,Tunisair,2060290.03
5/22/2025,2025,5,TU,Tunisair,2956065.17
6/1/2025,2025,6,TU,Tunisair,2330825.68
6/8/2025,2025,6,TU,Tunisair,2359790.82
6/15/2025,2025,6,TU,Tunisair,2416692.19
6/22/2025,2025,6,TU,Tunisair,3088651.32
7/1/2025,2025,7,TU,Tunisair,3007714.36
7/8/2025,2025,7,TU,Tunisair,2869309.76
7/15/2025,2025,7,TU,Tunisair,2995171.93
7/22/2025,2025,7,TU,Tunisair,4019314.96
8/1/2025,2025,8,TU,Tunisair,2864958.67
8/8/2025,2025,8,TU,Tunisair,3176414.4
8/15/2025,2025,8,TU,Tunisair,2957122.64
8/22/2025,2025,8,TU,Tunisair,4339948.42
9/1/2025,2025,9,TU,Tunisair,2283245.7
9/8/2025,2025,9,TU,Tunisair,2283959.76
9/15/2025,2025,9,TU,Tunisair,2368886.66
9/22/2025,2025,9,TU,Tunisair,3044492.83
10/1/2025,2025,10,TU,Tunisair,1915031.32
10/8/2025,2025,10,TU,Tunisair,1880489.29
10/15/2025,2025,10,TU,Tunisair,1834442.09
10/22/2025,2025,10,TU,Tunisair,2714940.12
11/1/2025,2025,11,TU,Tunisair,1760306.93
11/8/2025,2025,11,TU,Tunisair,1718489.76
11/15/2025,2025,11,TU,Tunisair,1670010.49
11/22/2025,2025,11,TU,Tunisair,2255784.53
12/1/2025,2025,12,TU,Tunisair,2008718.75
12/8/2025,2025,12,TU,Tunisair,1935362.17
12/15/2025,2025,12,TU,Tunisair,2008861.42
12/22/2025,2025,12,TU,Tunisair,2789967.89
