date,price_usd_per_gallon,source
1990-01-05,0.6133,EIA
1990-01-12,0.609,EIA
1990-01-19,0.6067,EIA
1990-01-26,0.6247,EIA
1990-02-02,0.6227,EIA
1990-02-09,0.5868,EIA
1990-02-16,0.597,EIA
1990-02-23,0.5932,EIA
1990-03-02,0.5909,EIA
1990-03-09,0.5968,EIA
1990-03-16,0.6057,EIA
1990-03-23,0.6375,EIA
1990-03-30,0.6576,EIA
1990-04-06,0.6636,EIA
1990-04-13,0.6469,EIA
1990-04-20,0.6236,EIA
1990-04-27,0.633,EIA
1990-05-04,0.6693,EIA
1990-05-11,0.6728,EIA
1990-05-18,0.672,EIA
1990-05-25,0.6881,EIA
1990-06-01,0.6492,EIA
1990-06-08,0.6424,EIA
1990-06-15,0.6561,EIA
1990-06-22,0.6795,EIA
1990-06-29,0.6726,EIA
1990-07-06,0.682,EIA
1990-07-13,0.6874,EIA
1990-07-20,0.707,EIA
1990-07-27,0.6729,EIA
1990-08-03,0.6857,EIA
1990-08-10,0.6411,EIA
1990-08-17,0.5714,EIA
1990-08-24,0.5558,EIA
1990-08-31,0.5338,EIA
1990-09-07,0.5508,EIA
1990-09-14,0.5632,EIA
1990-09-21,0.5333,EIA
1990-09-28,0.5492,EIA
1990-10-05,0.5248,EIA
1990-10-12,0.5209,EIA
1990-10-19,0.5129,EIA
1990-10-26,0.5134,EIA
1990-11-02,0.5285,EIA
1990-11-09,0.5401,EIA
1990-11-16,0.5457,EIA
1990-11-23,0.5581,EIA
1990-11-30,0.5671,EIA
1990-12-07,0.5514,EIA
1990-12-14,0.5347,EIA
1990-12-21,0.5244,EIA
1990-12-28,0.5352,EIA
1991-01-04,0.5304,EIA
1991-01-11,0.581,EIA
1991-01-18,0.5627,EIA
1991-01-25,0.5393,EIA
1991-02-01,0.5581,EIA
1991-02-08,0.5922,EIA
1991-02-15,0.6065,EIA
1991-02-22,0.6293,EIA
1991-03-01,0.6679,EIA
1991-03-08,0.6677,EIA
1991-03-15,0.6322,EIA
1991-03-22,0.6218,EIA
1991-03-29,0.6489,EIA
1991-04-05,0.6144,EIA
1991-04-12,0.6187,EIA
1991-04-19,0.6284,EIA
1991-04-26,0.6236,EIA
1991-05-03,0.6448,EIA
1991-05-10,0.6625,EIA
1991-05-17,0.7266,EIA
1991-05-24,0.7459,EIA
1991-05-31,0.7282,EIA
1991-06-07,0.7122,EIA
1991-06-14,0.6887,EIA
1991-06-21,0.715,EIA
1991-06-28,0.698,EIA
1991-07-05,0.695,EIA
1991-07-12,0.7143,EIA
1991-07-19,0.6914,EIA
1991-07-26,0.681,EIA
1991-08-02,0.6284,EIA
1991-08-09,0.5991,EIA
1991-08-16,0.5837,EIA
1991-08-23,0.5913,EIA
1991-08-30,0.617,EIA
1991-09-06,0.6133,EIA
1991-09-13,0.6163,EIA
1991-09-20,0.6168,EIA
1991-09-27,0.6396,EIA
1991-10-04,0.6579,EIA
1991-10-11,0.6602,EIA
1991-10-18,0.6288,EIA
1991-10-25,0.6472,EIA
1991-11-01,0.6526,EIA
1991-11-08,0.6801,EIA
1991-11-15,0.6747,EIA
1991-11-22,0.7229,EIA
1991-11-29,0.7078,EIA
1991-12-06,0.7487,EIA
1991-12-13,0.7478,EIA
1991-12-20,0.7285,EIA
1991-12-27,0.6927,EIA
1992-01-03,0.6867,EIA
1992-01-10,0.7245,EIA
1992-01-17,0.747,EIA
1992-01-24,0.7666,EIA
1992-01-31,0.6928,EIA
1992-02-07,0.7132,EIA
1992-02-14,0.73,EIA
1992-02-21,0.715,EIA
1992-02-28,0.6986,EIA
1992-03-06,0.7006,EIA
1992-03-13,0.7515,EIA
1992-03-20,0.7216,EIA
1992-03-27,0.7116,EIA
1992-04-03,0.7532,EIA
1992-04-10,0.7419,EIA
1992-04-17,0.7332,EIA
1992-04-24,0.7383,EIA
1992-05-01,0.7035,EIA
1992-05-08,0.7118,EIA
1992-05-15,0.6789,EIA
1992-05-22,0.7049,EIA
1992-05-29,0.7061,EIA
1992-06-05,0.7715,EIA
1992-06-12,0.7797,EIA
1992-06-19,0.8212,EIA
1992-06-26,0.7761,EIA
1992-07-03,0.7702,EIA
1992-07-10,0.7776,EIA
1992-07-17,0.8286,EIA
1992-07-24,0.7684,EIA
1992-07-31,0.7947,EIA
1992-08-07,0.8084,EIA
1992-08-14,0.852,EIA
1992-08-21,0.8691,EIA
1992-08-28,0.863,EIA
1992-09-04,0.837,EIA
1992-09-11,0.7875,EIA
1992-09-18,0.7865,EIA
1992-09-25,0.7732,EIA
1992-10-02,0.8281,EIA
1992-10-09,0.7996,EIA
1992-10-16,0.802,EIA
1992-10-23,0.7442,EIA
1992-10-30,0.7261,EIA
1992-11-06,0.7277,EIA
1992-11-13,0.746,EIA
1992-11-20,0.7834,EIA
1992-11-27,0.776,EIA
1992-12-04,0.7361,EIA
1992-12-11,0.7453,EIA
1992-12-18,0.7569,EIA
1992-12-25,0.7682,EIA
1993-01-01,0.7436,EIA
1993-01-08,0.7751,EIA
1993-01-15,0.7757,EIA
1993-01-22,0.7959,EIA
1993-01-29,0.8354,EIA
1993-02-05,0.8547,EIA
1993-02-12,0.8637,EIA
1993-02-19,0.9379,EIA
1993-02-26,0.9464,EIA
1993-03-05,0.9347,EIA
1993-03-12,0.9389,EIA
1993-03-19,0.9952,EIA
1993-03-26,0.9999,EIA
1993-04-02,1.0207,EIA
1993-04-09,1.0696,EIA
1993-04-16,1.0468,EIA
1993-04-23,0.9734,EIA
1993-04-30,0.9849,EIA
1993-05-07,0.9933,EIA
1993-05-14,0.9679,EIA
1993-05-21,1.0005,EIA
1993-05-28,1.0227,EIA
1993-06-04,0.9789,EIA
1993-06-11,0.9962,EIA
1993-06-18,0.9845,EIA
1993-06-25,0.9217,EIA
1993-07-02,0.9343,EIA
1993-07-09,0.9277,EIA
1993-07-16,0.8946,EIA
1993-07-23,0.9077,EIA
1993-07-30,0.919,EIA
1993-08-06,0.8907,EIA
1993-08-13,0.8977,EIA
1993-08-20,0.9262,EIA
1993-08-27,0.8911,EIA
1993-09-03,0.896,EIA
1993-09-10,0.8871,EIA
1993-09-17,0.9579,EIA
1993-09-24,0.8761,EIA
1993-10-01,0.891,EIA
1993-10-08,0.8705,EIA
1993-10-15,0.8578,EIA
1993-10-22,0.9137,EIA
1993-10-29,0.9034,EIA
1993-11-05,0.9745,EIA
1993-11-12,0.9467,EIA
1993-11-19,0.9503,EIA
1993-11-26,0.9225,EIA
1993-12-03,0.8889,EIA
1993-12-10,0.8841,EIA
1993-12-17,0.8678,EIA
1993-12-24,0.8694,EIA
1993-12-31,0.7914,EIA
1994-01-07,0.8518,EIA
1994-01-14,0.8428,EIA
1994-01-21,0.8992,EIA
1994-01-28,0.8603,EIA
1994-02-04,0.8689,EIA
1994-02-11,0.9782,EIA
1994-02-18,0.9423,EIA
1994-02-25,0.8848,EIA
1994-03-04,0.8655,EIA
1994-03-11,0.8826,EIA
1994-03-18,0.908,EIA
1994-03-25,0.9558,EIA
1994-04-01,0.9463,EIA
1994-04-08,0.8857,EIA
1994-04-15,0.8712,EIA
1994-04-22,0.9156,EIA
1994-04-29,0.9331,EIA
1994-05-06,0.8596,EIA
1994-05-13,0.8587,EIA
1994-05-20,0.9069,EIA
1994-05-27,0.9833,EIA
1994-06-03,1.0031,EIA
1994-06-10,1.0123,EIA
1994-06-17,0.958,EIA
1994-06-24,0.9217,EIA
1994-07-01,0.9194,EIA
1994-07-08,0.9333,EIA
1994-07-15,0.9495,EIA
1994-07-22,0.925,EIA
1994-07-29,0.8759,EIA
1994-08-05,0.8424,EIA
1994-08-12,0.7974,EIA
1994-08-19,0.8119,EIA
1994-08-26,0.7306,EIA
1994-09-02,0.7156,EIA
1994-09-09,0.7231,EIA
1994-09-16,0.7611,EIA
1994-09-23,0.7566,EIA
1994-09-30,0.7799,EIA
1994-10-07,0.7602,EIA
1994-10-14,0.7307,EIA
1994-10-21,0.7048,EIA
1994-10-28,0.7419,EIA
1994-11-04,0.765,EIA
1994-11-11,0.7733,EIA
1994-11-18,0.8696,EIA
1994-11-25,0.8607,EIA
1994-12-02,0.8748,EIA
1994-12-09,0.8787,EIA
1994-12-16,0.8646,EIA
1994-12-23,0.9391,EIA
1994-12-30,0.9897,EIA
1995-01-06,0.9283,EIA
1995-01-13,0.909,EIA
1995-01-20,0.9211,EIA
1995-01-27,0.9471,EIA
1995-02-03,0.8932,EIA
1995-02-10,0.8109,EIA
1995-02-17,0.7488,EIA
1995-02-24,0.7477,EIA
1995-03-03,0.746,EIA
1995-03-10,0.7581,EIA
1995-03-17,0.7365,EIA
1995-03-24,0.7025,EIA
1995-03-31,0.6479,EIA
1995-04-07,0.6597,EIA
1995-04-14,0.6725,EIA
1995-04-21,0.7022,EIA
1995-04-28,0.727,EIA
1995-05-05,0.7234,EIA
1995-05-12,0.7645,EIA
1995-05-19,0.7613,EIA
1995-05-26,0.7418,EIA
1995-06-02,0.7269,EIA
1995-06-09,0.7101,EIA
1995-06-16,0.6486,EIA
1995-06-23,0.6531,EIA
1995-06-30,0.6596,EIA
1995-07-07,0.6495,EIA
1995-07-14,0.6301,EIA
1995-07-21,0.6384,EIA
1995-07-28,0.6806,EIA
1995-08-04,0.6789,EIA
1995-08-11,0.662,EIA
1995-08-18,0.6432,EIA
1995-08-25,0.6382,EIA
1995-09-01,0.6026,EIA
1995-09-08,0.5966,EIA
1995-09-15,0.595,EIA
1995-09-22,0.6354,EIA
1995-09-29,0.6549,EIA
1995-10-06,0.6771,EIA
1995-10-13,0.6527,EIA
1995-10-20,0.6654,EIA
1995-10-27,0.6303,EIA
1995-11-03,0.6341,EIA
1995-11-10,0.6408,EIA
1995-11-17,0.6174,EIA
1995-11-24,0.6635,EIA
1995-12-01,0.675,EIA
1995-12-08,0.6204,EIA
1995-12-15,0.632,EIA
1995-12-22,0.62,EIA
1995-12-29,0.6189,EIA
1996-01-05,0.6298,EIA
1996-01-12,0.6393,EIA
1996-01-19,0.5871,EIA
1996-01-26,0.561,EIA
1996-02-02,0.5803,EIA
1996-02-09,0.6127,EIA
1996-02-16,0.6616,EIA
1996-02-23,0.7115,EIA
1996-03-01,0.6544,EIA
1996-03-08,0.6772,EIA
1996-03-15,0.6276,EIA
1996-03-22,0.6716,EIA
1996-03-29,0.6813,EIA
1996-04-05,0.6529,EIA
1996-04-12,0.7088,EIA
1996-04-19,0.7297,EIA
1996-04-26,0.6764,EIA
1996-05-03,0.6869,EIA
1996-05-10,0.6689,EIA
1996-05-17,0.674,EIA
1996-05-24,0.6632,EIA
1996-05-31,0.7013,EIA
1996-06-07,0.6619,EIA
1996-06-14,0.6711,EIA
1996-06-21,0.7201,EIA
1996-06-28,0.6953,EIA
1996-07-05,0.7002,EIA
1996-07-12,0.7042,EIA
1996-07-19,0.6827,EIA
1996-07-26,0.698,EIA
1996-08-02,0.6978,EIA
1996-08-09,0.6681,EIA
1996-08-16,0.7117,EIA
1996-08-23,0.7296,EIA
1996-08-30,0.7196,EIA
1996-09-06,0.696,EIA
1996-09-13,0.6692,EIA
1996-09-20,0.6972,EIA
1996-09-27,0.6876,EIA
1996-10-04,0.6948,EIA
1996-10-11,0.684,EIA
1996-10-18,0.6955,EIA
1996-10-25,0.6867,EIA
1996-11-01,0.7024,EIA
1996-11-08,0.692,EIA
1996-11-15,0.71,EIA
1996-11-22,0.7241,EIA
1996-11-29,0.716,EIA
1996-12-06,0.6873,EIA
1996-12-13,0.6583,EIA
1996-12-20,0.6365,EIA
1996-12-27,0.61,EIA
1997-01-03,0.6306,EIA
1997-01-10,0.6289,EIA
1997-01-17,0.6685,EIA
1997-01-24,0.7296,EIA
1997-01-31,0.7301,EIA
1997-02-07,0.6849,EIA
1997-02-14,0.6756,EIA
1997-02-21,0.6752,EIA
1997-02-28,0.6368,EIA
1997-03-07,0.6331,EIA
1997-03-14,0.6433,EIA
1997-03-21,0.6344,EIA
1997-03-28,0.618,EIA
1997-04-04,0.6026,EIA
1997-04-11,0.6495,EIA
1997-04-18,0.6484,EIA
1997-04-25,0.6298,EIA
1997-05-02,0.6234,EIA
1997-05-09,0.6502,EIA
1997-05-16,0.6348,EIA
1997-05-23,0.6493,EIA
1997-05-30,0.6701,EIA
1997-06-06,0.6914,EIA
1997-06-13,0.7307,EIA
1997-06-20,0.7141,EIA
1997-06-27,0.7458,EIA
1997-07-04,0.7205,EIA
1997-07-11,0.7073,EIA
1997-07-18,0.739,EIA
1997-07-25,0.7602,EIA
1997-08-01,0.7563,EIA
1997-08-08,0.716,EIA
1997-08-15,0.728,EIA
1997-08-22,0.705,EIA
1997-08-29,0.6744,EIA
1997-09-05,0.6527,EIA
1997-09-12,0.6549,EIA
1997-09-19,0.5953,EIA
1997-09-26,0.6005,EIA
1997-10-03,0.601,EIA
1997-10-10,0.5834,EIA
1997-10-17,0.6042,EIA
1997-10-24,0.6152,EIA
1997-10-31,0.5966,EIA
1997-11-07,0.5775,EIA
1997-11-14,0.5908,EIA
1997-11-21,0.5524,EIA
1997-11-28,0.5434,EIA
1997-12-05,0.5286,EIA
1997-12-12,0.5294,EIA
1997-12-19,0.5336,EIA
1997-12-26,0.5345,EIA
1998-01-02,0.5592,EIA
1998-01-09,0.5648,EIA
1998-01-16,0.5585,EIA
1998-01-23,0.5328,EIA
1998-01-30,0.5503,EIA
1998-02-06,0.5642,EIA
1998-02-13,0.5995,EIA
1998-02-20,0.5839,EIA
1998-02-27,0.5874,EIA
1998-03-06,0.5891,EIA
1998-03-13,0.5904,EIA
1998-03-20,0.5941,EIA
1998-03-27,0.5567,EIA
1998-04-03,0.5791,EIA
1998-04-10,0.5982,EIA
1998-04-17,0.629,EIA
1998-04-24,0.6891,EIA
1998-05-01,0.6827,EIA
1998-05-08,0.6841,EIA
1998-05-15,0.6864,EIA
1998-05-22,0.7417,EIA
1998-05-29,0.691,EIA
1998-06-05,0.7054,EIA
1998-06-12,0.6642,EIA
1998-06-19,0.596,EIA
1998-06-26,0.5488,EIA
1998-07-03,0.5198,EIA
1998-07-10,0.5434,EIA
1998-07-17,0.5252,EIA
1998-07-24,0.521,EIA
1998-07-31,0.4971,EIA
1998-08-07,0.5096,EIA
1998-08-14,0.4871,EIA
1998-08-21,0.5126,EIA
1998-08-28,0.4916,EIA
1998-09-04,0.476,EIA
1998-09-11,0.4778,EIA
1998-09-18,0.4775,EIA
1998-09-25,0.5036,EIA
1998-10-02,0.5045,EIA
1998-10-09,0.4787,EIA
1998-10-16,0.4669,EIA
1998-10-23,0.4554,EIA
1998-10-30,0.468,EIA
1998-11-06,0.4745,EIA
1998-11-13,0.4716,EIA
1998-11-20,0.4875,EIA
1998-11-27,0.4767,EIA
1998-12-04,0.4741,EIA
1998-12-11,0.4778,EIA
1998-12-18,0.5075,EIA
1998-12-25,0.506,EIA
1999-01-01,0.5025,EIA
1999-01-08,0.4856,EIA
1999-01-15,0.5037,EIA
1999-01-22,0.4967,EIA
1999-01-29,0.5089,EIA
1999-02-05,0.4756,EIA
1999-02-12,0.5018,EIA
1999-02-19,0.4812,EIA
1999-02-26,0.473,EIA
1999-03-05,0.5003,EIA
1999-03-12,0.4805,EIA
1999-03-19,0.4864,EIA
1999-03-26,0.4954,EIA
1999-04-02,0.483,EIA
1999-04-09,0.5168,EIA
1999-04-16,0.5553,EIA
1999-04-23,0.5183,EIA
1999-04-30,0.4953,EIA
1999-05-07,0.5188,EIA
1999-05-14,0.4986,EIA
1999-05-21,0.4977,EIA
1999-05-28,0.5071,EIA
1999-06-04,0.5276,EIA
1999-06-11,0.5287,EIA
1999-06-18,0.5362,EIA
1999-06-25,0.5246,EIA
1999-07-02,0.5566,EIA
1999-07-09,0.5496,EIA
1999-07-16,0.5609,EIA
1999-07-23,0.5526,EIA
1999-07-30,0.5579,EIA
1999-08-06,0.5566,EIA
1999-08-13,0.5551,EIA
1999-08-20,0.5345,EIA
1999-08-27,0.5533,EIA
1999-09-03,0.5857,EIA
1999-09-10,0.5917,EIA
1999-09-17,0.6089,EIA
1999-09-24,0.6286,EIA
1999-10-01,0.6507,EIA
1999-10-08,0.6568,EIA
1999-10-15,0.6605,EIA
1999-10-22,0.6813,EIA
1999-10-29,0.6809,EIA
1999-11-05,0.6525,EIA
1999-11-12,0.6518,EIA
1999-11-19,0.6017,EIA
1999-11-26,0.6018,EIA
1999-12-03,0.6122,EIA
1999-12-10,0.6431,EIA
1999-12-17,0.6476,EIA
1999-12-24,0.6725,EIA
1999-12-31,0.6736,EIA
2000-01-07,0.6475,EIA
2000-01-14,0.6134,EIA
2000-01-21,0.5929,EIA
2000-01-28,0.5645,EIA
2000-02-04,0.5837,EIA
2000-02-11,0.5839,EIA
2000-02-18,0.6026,EIA
2000-02-25,0.6099,EIA
2000-03-03,0.6413,EIA
2000-03-10,0.6743,EIA
2000-03-17,0.6625,EIA
2000-03-24,0.661,EIA
2000-03-31,0.6529,EIA
2000-04-07,0.6164,EIA
2000-04-14,0.6397,EIA
2000-04-21,0.6764,EIA
2000-04-28,0.682,EIA
2000-05-05,0.674,EIA
2000-05-12,0.7089,EIA
2000-05-19,0.6468,EIA
2000-05-26,0.6565,EIA
2000-06-02,0.6649,EIA
2000-06-09,0.6539,EIA
2000-06-16,0.6943,EIA
2000-06-23,0.7242,EIA
2000-06-30,0.7186,EIA
2000-07-07,0.7177,EIA
2000-07-14,0.7077,EIA
2000-07-21,0.694,EIA
2000-07-28,0.6584,EIA
2000-08-04,0.6953,EIA
2000-08-11,0.7234,EIA
2000-08-18,0.7451,EIA
2000-08-25,0.7104,EIA
2000-09-01,0.7674,EIA
2000-09-08,0.8246,EIA
2000-09-15,0.8259,EIA
2000-09-22,0.7912,EIA
2000-09-29,0.7594,EIA
2000-10-06,0.7681,EIA
2000-10-13,0.7361,EIA
2000-10-20,0.7316,EIA
2000-10-27,0.76,EIA
2000-11-03,0.7107,EIA
2000-11-10,0.7649,EIA
2000-11-17,0.8094,EIA
2000-11-24,0.7657,EIA
2000-12-01,0.72,EIA
2000-12-08,0.7106,EIA
2000-12-15,0.6807,EIA
2000-12-22,0.6739,EIA
2000-12-29,0.6054,EIA
2001-01-05,0.6022,EIA
2001-01-12,0.6486,EIA
2001-01-19,0.6224,EIA
2001-01-26,0.6192,EIA
2001-02-02,0.5862,EIA
2001-02-09,0.6061,EIA
2001-02-16,0.6057,EIA
2001-02-23,0.6583,EIA
2001-03-02,0.669,EIA
2001-03-09,0.6644,EIA
2001-03-16,0.6847,EIA
2001-03-23,0.6764,EIA
2001-03-30,0.6458,EIA
2001-04-06,0.6599,EIA
2001-04-13,0.6613,EIA
2001-04-20,0.6718,EIA
2001-04-27,0.6877,EIA
2001-05-04,0.6791,EIA
2001-05-11,0.696,EIA
2001-05-18,0.7495,EIA
2001-05-25,0.7202,EIA
2001-06-01,0.7744,EIA
2001-06-08,0.7698,EIA
2001-06-15,0.7486,EIA
2001-06-22,0.8237,EIA
2001-06-29,0.8295,EIA
2001-07-06,0.8751,EIA
2001-07-13,0.9024,EIA
2001-07-20,0.8396,EIA
2001-07-27,0.8418,EIA
2001-08-03,0.8218,EIA
2001-08-10,0.7753,EIA
2001-08-17,0.7183,EIA
2001-08-24,0.7197,EIA
2001-08-31,0.7347,EIA
2001-09-07,0.7435,EIA
2001-09-14,0.7315,EIA
2001-09-21,0.7052,EIA
2001-09-28,0.6748,EIA
2001-10-05,0.6578,EIA
2001-10-12,0.6289,EIA
2001-10-19,0.6226,EIA
2001-10-26,0.6209,EIA
2001-11-02,0.5978,EIA
2001-11-09,0.592,EIA
2001-11-16,0.5741,EIA
2001-11-23,0.5746,EIA
2001-11-30,0.5871,EIA
2001-12-07,0.5922,EIA
2001-12-14,0.6047,EIA
2001-12-21,0.5662,EIA
2001-12-28,0.5602,EIA
2002-01-04,0.5694,EIA
2002-01-11,0.5873,EIA
2002-01-18,0.5533,EIA
2002-01-25,0.5612,EIA
2002-02-01,0.5931,EIA
2002-02-08,0.5936,EIA
2002-02-15,0.5964,EIA
2002-02-22,0.6127,EIA
2002-03-01,0.6244,EIA
2002-03-08,0.6471,EIA
2002-03-15,0.6547,EIA
2002-03-22,0.6647,EIA
2002-03-29,0.6497,EIA
2002-04-05,0.6514,EIA
2002-04-12,0.6904,EIA
2002-04-19,0.6905,EIA
2002-04-26,0.6915,EIA
2002-05-03,0.6833,EIA
2002-05-10,0.7103,EIA
2002-05-17,0.6907,EIA
2002-05-24,0.7207,EIA
2002-05-31,0.6976,EIA
2002-06-07,0.6719,EIA
2002-06-14,0.6813,EIA
2002-06-21,0.6882,EIA
2002-06-28,0.6991,EIA
2002-07-05,0.7309,EIA
2002-07-12,0.72,EIA
2002-07-19,0.7336,EIA
2002-07-26,0.707,EIA
2002-08-02,0.7426,EIA
2002-08-09,0.7602,EIA
2002-08-16,0.7746,EIA
2002-08-23,0.7779,EIA
2002-08-30,0.7505,EIA
2002-09-06,0.7379,EIA
2002-09-13,0.7497,EIA
2002-09-20,0.7458,EIA
2002-09-27,0.7459,EIA
2002-10-04,0.702,EIA
2002-10-11,0.7042,EIA
2002-10-18,0.682,EIA
2002-10-25,0.6503,EIA
2002-11-01,0.6448,EIA
2002-11-08,0.5959,EIA
2002-11-15,0.6123,EIA
2002-11-22,0.6329,EIA
2002-11-29,0.6313,EIA
2002-12-06,0.6065,EIA
2002-12-13,0.5845,EIA
2002-12-20,0.5828,EIA
2002-12-27,0.5285,EIA
2003-01-03,0.5358,EIA
2003-01-10,0.5538,EIA
2003-01-17,0.5508,EIA
2003-01-24,0.5442,EIA
2003-01-31,0.553,EIA
2003-02-07,0.566,EIA
2003-02-14,0.5962,EIA
2003-02-21,0.6021,EIA
2003-02-28,0.591,EIA
2003-03-07,0.5861,EIA
2003-03-14,0.5967,EIA
2003-03-21,0.6405,EIA
2003-03-28,0.6384,EIA
2003-04-04,0.6176,EIA
2003-04-11,0.6025,EIA
2003-04-18,0.5582,EIA
2003-04-25,0.5726,EIA
2003-05-02,0.5479,EIA
2003-05-09,0.5275,EIA
2003-05-16,0.4925,EIA
2003-05-23,0.4773,EIA
2003-05-30,0.4952,EIA
2003-06-06,0.4756,EIA
2003-06-13,0.4487,EIA
2003-06-20,0.4584,EIA
2003-06-27,0.4582,EIA
2003-07-04,0.4719,EIA
2003-07-11,0.4911,EIA
2003-07-18,0.4955,EIA
2003-07-25,0.474,EIA
2003-08-01,0.4759,EIA
2003-08-08,0.4892,EIA
2003-08-15,0.4811,EIA
2003-08-22,0.4567,EIA
2003-08-29,0.4801,EIA
2003-09-05,0.4748,EIA
2003-09-12,0.4696,EIA
2003-09-19,0.4723,EIA
2003-09-26,0.4939,EIA
2003-10-03,0.5007,EIA
2003-10-10,0.4955,EIA
2003-10-17,0.5105,EIA
2003-10-24,0.5553,EIA
2003-10-31,0.5863,EIA
2003-11-07,0.6018,EIA
2003-11-14,0.5747,EIA
2003-11-21,0.6611,EIA
2003-11-28,0.6287,EIA
2003-12-05,0.6195,EIA
2003-12-12,0.6029,EIA
2003-12-19,0.6434,EIA
2003-12-26,0.6554,EIA
2004-01-02,0.6394,EIA
2004-01-09,0.6684,EIA
2004-01-16,0.7053,EIA
2004-01-23,0.7187,EIA
2004-01-30,0.7063,EIA
2004-02-06,0.7092,EIA
2004-02-13,0.7207,EIA
2004-02-20,0.7457,EIA
2004-02-27,0.7548,EIA
2004-03-05,0.802,EIA
2004-03-12,0.7963,EIA
2004-03-19,0.7662,EIA
2004-03-26,0.7693,EIA
2004-04-02,0.8371,EIA
2004-04-09,0.8435,EIA
2004-04-16,0.9485,EIA
2004-04-23,0.9919,EIA
2004-04-30,0.9696,EIA
2004-05-07,0.9613,EIA
2004-05-14,0.9946,EIA
2004-05-21,0.9708,EIA
2004-05-28,1.0865,EIA
2004-06-04,1.0645,EIA
2004-06-11,1.1145,EIA
2004-06-18,1.1993,EIA
2004-06-25,1.2118,EIA
2004-07-02,1.1802,EIA
2004-07-09,1.1837,EIA
2004-07-16,1.2163,EIA
2004-07-23,1.2729,EIA
2004-07-30,1.288,EIA
2004-08-06,1.2272,EIA
2004-08-13,1.2406,EIA
2004-08-20,1.2176,EIA
2004-08-27,1.1218,EIA
2004-09-03,1.102,EIA
2004-09-10,1.0503,EIA
2004-09-17,1.0865,EIA
2004-09-24,1.1811,EIA
2004-10-01,1.2767,EIA
2004-10-08,1.2536,EIA
2004-10-15,1.2368,EIA
2004-10-22,1.2774,EIA
2004-10-29,1.3374,EIA
2004-11-05,1.3203,EIA
2004-11-12,1.3186,EIA
2004-11-19,1.4408,EIA
2004-11-26,1.4393,EIA
2004-12-03,1.4169,EIA
2004-12-10,1.4305,EIA
2004-12-17,1.471,EIA
2004-12-24,1.4188,EIA
2004-12-31,1.4144,EIA
2005-01-07,1.359,EIA
2005-01-14,1.3564,EIA
2005-01-21,1.472,EIA
2005-01-28,1.529,EIA
2005-02-04,1.537,EIA
2005-02-11,1.4939,EIA
2005-02-18,1.4912,EIA
2005-02-25,1.5711,EIA
2005-03-04,1.5525,EIA
2005-03-11,1.6607,EIA
2005-03-18,1.5862,EIA
2005-03-25,1.5861,EIA
2005-04-01,1.7159,EIA
2005-04-08,1.5949,EIA
2005-04-15,1.6899,EIA
2005-04-22,1.5817,EIA
2005-04-29,1.5945,EIA
2005-05-06,1.6014,EIA
2005-05-13,1.6718,EIA
2005-05-20,1.4759,EIA
2005-05-27,1.3798,EIA
2005-06-03,1.3663,EIA
2005-06-10,1.3856,EIA
2005-06-17,1.3522,EIA
2005-06-24,1.3561,EIA
2005-07-01,1.3065,EIA
2005-07-08,1.3002,EIA
2005-07-15,1.2701,EIA
2005-07-22,1.2959,EIA
2005-07-29,1.338,EIA
2005-08-05,1.4249,EIA
2005-08-12,1.3956,EIA
2005-08-19,1.3855,EIA
2005-08-26,1.3951,EIA
2005-09-02,1.3847,EIA
2005-09-09,1.3874,EIA
2005-09-16,1.3061,EIA
2005-09-23,1.3316,EIA
2005-09-30,1.2883,EIA
2005-10-07,1.2452,EIA
2005-10-14,1.1732,EIA
2005-10-21,1.2354,EIA
2005-10-28,1.2354,EIA
2005-11-04,1.299,EIA
2005-11-11,1.3192,EIA
2005-11-18,1.2359,EIA
2005-11-25,1.1909,EIA
2005-12-02,1.2367,EIA
2005-12-09,1.2085,EIA
2005-12-16,1.1669,EIA
2005-12-23,1.1709,EIA
2005-12-30,1.1759,EIA
2006-01-06,1.1423,EIA
2006-01-13,1.1428,EIA
2006-01-20,1.1372,EIA
2006-01-27,1.0363,EIA
2006-02-03,1.0765,EIA
2006-02-10,1.0611,EIA
2006-02-17,1.1372,EIA
2006-02-24,1.105,EIA
2006-03-03,1.0561,EIA
2006-03-10,1.1289,EIA
2006-03-17,1.0791,EIA
2006-03-24,1.0744,EIA
2006-03-31,1.1234,EIA
2006-04-07,1.1315,EIA
2006-04-14,1.0791,EIA
2006-04-21,1.1107,EIA
2006-04-28,1.1251,EIA
2006-05-05,1.2059,EIA
2006-05-12,1.2559,EIA
2006-05-19,1.4297,EIA
2006-05-26,1.3533,EIA
2006-06-02,1.3704,EIA
2006-06-09,1.3291,EIA
2006-06-16,1.4077,EIA
2006-06-23,1.4692,EIA
2006-06-30,1.5269,EIA
2006-07-07,1.4908,EIA
2006-07-14,1.4574,EIA
2006-07-21,1.3497,EIA
2006-07-28,1.4531,EIA
2006-08-04,1.4911,EIA
2006-08-11,1.4824,EIA
2006-08-18,1.5436,EIA
2006-08-25,1.5938,EIA
2006-09-01,1.6578,EIA
2006-09-08,1.5509,EIA
2006-09-15,1.5085,EIA
2006-09-22,1.5222,EIA
2006-09-29,1.545,EIA
2006-10-06,1.6043,EIA
2006-10-13,1.5391,EIA
2006-10-20,1.5474,EIA
2006-10-27,1.6836,EIA
2006-11-03,1.7279,EIA
2006-11-10,1.7853,EIA
2006-11-17,1.781,EIA
2006-11-24,1.8333,EIA
2006-12-01,1.9631,EIA
2006-12-08,1.9681,EIA
2006-12-15,2.0621,EIA
2006-12-22,1.9877,EIA
2006-12-29,2.035,EIA
2007-01-05,2.1097,EIA
2007-01-12,2.0479,EIA
2007-01-19,2.1421,EIA
2007-01-26,2.0885,EIA
2007-02-02,2.0276,EIA
2007-02-09,2.0362,EIA
2007-02-16,2.2041,EIA
2007-02-23,2.2408,EIA
2007-03-02,2.3351,EIA
2007-03-09,2.2764,EIA
2007-03-16,2.2949,EIA
2007-03-23,2.198,EIA
2007-03-30,2.1606,EIA
2007-04-06,2.2468,EIA
2007-04-13,2.2561,EIA
2007-04-20,2.4003,EIA
2007-04-27,2.3914,EIA
2007-05-04,2.3826,EIA
2007-05-11,2.5143,EIA
2007-05-18,2.4559,EIA
2007-05-25,2.3126,EIA
2007-06-01,2.4404,EIA
2007-06-08,2.4851,EIA
2007-06-15,2.2715,EIA
2007-06-22,2.279,EIA
2007-06-29,2.2439,EIA
2007-07-06,2.4013,EIA
2007-07-13,2.3281,EIA
2007-07-20,2.2703,EIA
2007-07-27,2.1835,EIA
2007-08-03,2.0874,EIA
2007-08-10,2.0252,EIA
2007-08-17,1.9053,EIA
2007-08-24,1.8242,EIA
2007-08-31,1.7053,EIA
2007-09-07,1.603,EIA
2007-09-14,1.5042,EIA
2007-09-21,1.4752,EIA
2007-09-28,1.4374,EIA
2007-10-05,1.3701,EIA
2007-10-12,1.4002,EIA
2007-10-19,1.4009,EIA
2007-10-26,1.3803,EIA
2007-11-02,1.3589,EIA
2007-11-09,1.4498,EIA
2007-11-16,1.4672,EIA
2007-11-23,1.4987,EIA
2007-11-30,1.3481,EIA
2007-12-07,1.3205,EIA
2007-12-14,1.2148,EIA
2007-12-21,1.2055,EIA
2007-12-28,1.236,EIA
2008-01-04,1.2127,EIA
2008-01-11,1.2491,EIA
2008-01-18,1.2097,EIA
2008-01-25,1.2509,EIA
2008-02-01,1.1865,EIA
2008-02-08,1.1893,EIA
2008-02-15,1.2254,EIA
2008-02-22,1.2681,EIA
2008-02-29,1.2783,EIA
2008-03-07,1.3951,EIA
2008-03-14,1.3884,EIA
2008-03-21,1.3802,EIA
2008-03-28,1.2444,EIA
2008-04-04,1.3518,EIA
2008-04-11,1.3496,EIA
2008-04-18,1.3037,EIA
2008-04-25,1.3911,EIA
2008-05-02,1.4773,EIA
2008-05-09,1.4995,EIA
2008-05-16,1.4281,EIA
2008-05-23,1.4673,EIA
2008-05-30,1.4447,EIA
2008-06-06,1.3904,EIA
2008-06-13,1.4619,EIA
2008-06-20,1.3485,EIA
2008-06-27,1.3913,EIA
2008-07-04,1.4275,EIA
2008-07-11,1.5537,EIA
2008-07-18,1.5799,EIA
2008-07-25,1.4546,EIA
2008-08-01,1.4117,EIA
2008-08-08,1.4208,EIA
2008-08-15,1.4453,EIA
2008-08-22,1.5048,EIA
2008-08-29,1.3885,EIA
2008-09-05,1.373,EIA
2008-09-12,1.4284,EIA
2008-09-19,1.5168,EIA
2008-09-26,1.6276,EIA
2008-10-03,1.5982,EIA
2008-10-10,1.6643,EIA
2008-10-17,1.7725,EIA
2008-10-24,1.8497,EIA
2008-10-31,1.8945,EIA
2008-11-07,1.9481,EIA
2008-11-14,1.8776,EIA
2008-11-21,1.7623,EIA
2008-11-28,1.8274,EIA
2008-12-05,1.798,EIA
2008-12-12,1.7935,EIA
2008-12-19,1.7509,EIA
2008-12-26,1.7242,EIA
2009-01-02,1.7428,EIA
2009-01-09,1.6749,EIA
2009-01-16,1.6852,EIA
2009-01-23,1.7086,EIA
2009-01-30,1.711,EIA
2009-02-06,1.6689,EIA
2009-02-13,1.7321,EIA
2009-02-20,1.8733,EIA
2009-02-27,1.8383,EIA
2009-03-06,1.9411,EIA
2009-03-13,2.0218,EIA
2009-03-20,1.8171,EIA
2009-03-27,1.7748,EIA
2009-04-03,1.7434,EIA
2009-04-10,1.8126,EIA
2009-04-17,1.84,EIA
2009-04-24,1.8883,EIA
2009-05-01,1.9489,EIA
2009-05-08,1.8896,EIA
2009-05-15,1.844,EIA
2009-05-22,1.7642,EIA
2009-05-29,1.7629,EIA
2009-06-05,1.7643,EIA
2009-06-12,1.7853,EIA
2009-06-19,1.7407,EIA
2009-06-26,1.8107,EIA
2009-07-03,1.8819,EIA
2009-07-10,2.0006,EIA
2009-07-17,2.0566,EIA
2009-07-24,2.0686,EIA
2009-07-31,2.1193,EIA
2009-08-07,2.1638,EIA
2009-08-14,2.0984,EIA
2009-08-21,2.1969,EIA
2009-08-28,2.335,EIA
2009-09-04,2.5027,EIA
2009-09-11,2.4858,EIA
2009-09-18,2.4969,EIA
2009-09-25,2.5165,EIA
2009-10-02,2.4936,EIA
2009-10-09,2.5326,EIA
2009-10-16,2.4972,EIA
2009-10-23,2.4557,EIA
2009-10-30,2.6066,EIA
2009-11-06,2.6003,EIA
2009-11-13,2.5849,EIA
2009-11-20,2.6548,EIA
2009-11-27,2.6498,EIA
2009-12-04,2.6613,EIA
2009-12-11,2.6367,EIA
2009-12-18,2.4926,EIA
2009-12-25,2.4781,EIA
2010-01-01,2.3718,EIA
2010-01-08,2.4015,EIA
2010-01-15,2.2991,EIA
2010-01-22,2.3979,EIA
2010-01-29,2.4847,EIA
2010-02-05,2.5282,EIA
2010-02-12,2.5348,EIA
2010-02-19,2.5953,EIA
2010-02-26,2.4093,EIA
2010-03-05,2.325,EIA
2010-03-12,2.3349,EIA
2010-03-19,2.3918,EIA
2010-03-26,2.4086,EIA
2010-04-02,2.336,EIA
2010-04-09,2.3741,EIA
2010-04-16,2.356,EIA
2010-04-23,2.2798,EIA
2010-04-30,2.3355,EIA
2010-05-07,2.3401,EIA
2010-05-14,2.4761,EIA
2010-05-21,2.5633,EIA
2010-05-28,2.6578,EIA
2010-06-04,2.7085,EIA
2010-06-11,2.631,EIA
2010-06-18,2.5459,EIA
2010-06-25,2.4091,EIA
2010-07-02,2.7,EIA
2010-07-09,2.5907,EIA
2010-07-16,2.5761,EIA
2010-07-23,2.5446,EIA
2010-07-30,2.5204,EIA
2010-08-06,2.4648,EIA
2010-08-13,2.2838,EIA
2010-08-20,2.1975,EIA
2010-08-27,2.0807,EIA
2010-09-03,2.0762,EIA
2010-09-10,2.0249,EIA
2010-09-17,1.9749,EIA
2010-09-24,1.9976,EIA
2010-10-01,1.9561,EIA
2010-10-08,2.0339,EIA
2010-10-15,2.0061,EIA
2010-10-22,2.0282,EIA
2010-10-29,1.9251,EIA
2010-11-05,1.9817,EIA
2010-11-12,1.9555,EIA
2010-11-19,1.9943,EIA
2010-11-26,2.0276,EIA
2010-12-03,2.0212,EIA
2010-12-10,2.0476,EIA
2010-12-17,2.0258,EIA
2010-12-24,2.1463,EIA
2010-12-31,2.2377,EIA
2011-01-07,2.2923,EIA
2011-01-14,2.1964,EIA
2011-01-21,2.1151,EIA
2011-01-28,2.0769,EIA
2011-02-04,2.0766,EIA
2011-02-11,2.1354,EIA
2011-02-18,2.0807,EIA
2011-02-25,2.2031,EIA
2011-03-04,2.2273,EIA
2011-03-11,2.0716,EIA
2011-03-18,2.0587,EIA
2011-03-25,1.8721,EIA
2011-04-01,1.845,EIA
2011-04-08,1.8342,EIA
2011-04-15,1.8194,EIA
2011-04-22,1.8258,EIA
2011-04-29,1.8268,EIA
2011-05-06,1.8127,EIA
2011-05-13,1.9512,EIA
2011-05-20,2.0734,EIA
2011-05-27,2.003,EIA
2011-06-03,2.1283,EIA
2011-06-10,2.0117,EIA
2011-06-17,1.9681,EIA
2011-06-24,2.1096,EIA
2011-07-01,1.9386,EIA
2011-07-08,2.0023,EIA
2011-07-15,1.9188,EIA
2011-07-22,1.9245,EIA
2011-07-29,1.926,EIA
2011-08-05,2.0704,EIA
2011-08-12,2.0135,EIA
2011-08-19,2.0178,EIA
2011-08-26,2.0767,EIA
2011-09-02,2.0622,EIA
2011-09-09,2.0003,EIA
2011-09-16,2.0016,EIA
2011-09-23,2.0143,EIA
2011-09-30,2.0896,EIA
2011-10-07,2.0138,EIA
2011-10-14,1.9817,EIA
2011-10-21,2.0118,EIA
2011-10-28,2.0025,EIA
2011-11-04,1.9925,EIA
2011-11-11,1.9965,EIA
2011-11-18,1.9473,EIA
2011-11-25,1.8931,EIA
2011-12-02,1.9362,EIA
2011-12-09,1.8618,EIA
2011-12-16,1.9611,EIA
2011-12-23,1.9905,EIA
2011-12-30,1.9023,EIA
2012-01-06,1.94,EIA
2012-01-13,1.9701,EIA
2012-01-20,2.0484,EIA
2012-01-27,2.1623,EIA
2012-02-03,2.1494,EIA
2012-02-10,2.1088,EIA
2012-02-17,2.0798,EIA
2012-02-24,2.0216,EIA
2012-03-02,1.9864,EIA
2012-03-09,2.0359,EIA
2012-03-16,2.0642,EIA
2012-03-23,2.0507,EIA
2012-03-30,2.0177,EIA
2012-04-06,2.0744,EIA
2012-04-13,2.0605,EIA
2012-04-20,2.0023,EIA
2012-04-27,2.0183,EIA
2012-05-04,2.0245,EIA
2012-05-11,1.9644,EIA
2012-05-18,2.0566,EIA
2012-05-25,2.1515,EIA
2012-06-01,2.1779,EIA
2012-06-08,2.2107,EIA
2012-06-15,2.277,EIA
2012-06-22,2.2914,EIA
2012-06-29,2.3887,EIA
2012-07-06,2.5595,EIA
2012-07-13,2.5758,EIA
2012-07-20,2.6272,EIA
2012-07-27,2.7223,EIA
2012-08-03,2.6855,EIA
2012-08-10,2.5637,EIA
2012-08-17,2.6558,EIA
2012-08-24,2.4862,EIA
2012-08-31,2.6615,EIA
2012-09-07,2.7473,EIA
2012-09-14,2.7586,EIA
2012-09-21,2.7539,EIA
2012-09-28,2.9348,EIA
2012-10-05,2.8093,EIA
2012-10-12,2.667,EIA
2012-10-19,2.5939,EIA
2012-10-26,2.559,EIA
2012-11-02,2.4499,EIA
2012-11-09,2.4611,EIA
2012-11-16,2.4713,EIA
2012-11-23,2.389,EIA
2012-11-30,2.5422,EIA
2012-12-07,2.4003,EIA
2012-12-14,2.2814,EIA
2012-12-21,2.3226,EIA
2012-12-28,2.3113,EIA
2013-01-04,2.3596,EIA
2013-01-11,2.3119,EIA
2013-01-18,2.2293,EIA
2013-01-25,2.1876,EIA
2013-02-01,2.1457,EIA
2013-02-08,2.2111,EIA
2013-02-15,2.1893,EIA
2013-02-22,2.2786,EIA
2013-03-01,2.3551,EIA
2013-03-08,2.4767,EIA
2013-03-15,2.5891,EIA
2013-03-22,2.6933,EIA
2013-03-29,2.7987,EIA
2013-04-05,2.7618,EIA
2013-04-12,2.7544,EIA
2013-04-19,2.5732,EIA
2013-04-26,2.6263,EIA
2013-05-03,2.5769,EIA
2013-05-10,2.64,EIA
2013-05-17,2.7159,EIA
2013-05-24,2.5863,EIA
2013-05-31,2.4992,EIA
2013-06-07,2.4819,EIA
2013-06-14,2.4468,EIA
2013-06-21,2.4786,EIA
2013-06-28,2.3773,EIA
2013-07-05,2.3949,EIA
2013-07-12,2.2445,EIA
2013-07-19,2.0633,EIA
2013-07-26,2.1359,EIA
2013-08-02,2.0355,EIA
2013-08-09,2.0013,EIA
2013-08-16,1.8989,EIA
2013-08-23,1.8036,EIA
2013-08-30,1.7871,EIA
2013-09-06,1.7695,EIA
2013-09-13,1.8497,EIA
2013-09-20,1.8915,EIA
2013-09-27,1.8791,EIA
2013-10-04,1.9428,EIA
2013-10-11,2.0345,EIA
2013-10-18,2.0712,EIA
2013-10-25,2.0406,EIA
2013-11-01,2.127,EIA
2013-11-08,2.2792,EIA
2013-11-15,2.3393,EIA
2013-11-22,2.5043,EIA
2013-11-29,2.5948,EIA
2013-12-06,2.6806,EIA
2013-12-13,2.562,EIA
2013-12-20,2.4499,EIA
2013-12-27,2.4505,EIA
2014-01-03,2.2756,EIA
2014-01-10,2.2148,EIA
2014-01-17,2.2874,EIA
2014-01-24,2.2228,EIA
2014-01-31,2.2691,EIA
2014-02-07,2.1458,EIA
2014-02-14,2.1058,EIA
2014-02-21,2.1965,EIA
2014-02-28,2.2193,EIA
2014-03-07,2.2502,EIA
2014-03-14,2.4101,EIA
2014-03-21,2.5405,EIA
2014-03-28,2.4547,EIA
2014-04-04,2.5897,EIA
2014-04-11,2.5292,EIA
2014-04-18,2.5314,EIA
2014-04-25,2.5364,EIA
2014-05-02,2.6486,EIA
2014-05-09,2.5292,EIA
2014-05-16,2.5762,EIA
2014-05-23,2.6298,EIA
2014-05-30,2.7128,EIA
2014-06-06,2.6849,EIA
2014-06-13,2.7865,EIA
2014-06-20,2.6976,EIA
2014-06-27,2.8115,EIA
2014-07-04,2.8375,EIA
2014-07-11,2.6628,EIA
2014-07-18,2.6912,EIA
2014-07-25,2.6932,EIA
2014-08-01,2.636,EIA
2014-08-08,2.5388,EIA
2014-08-15,2.495,EIA
2014-08-22,2.3316,EIA
2014-08-29,2.4704,EIA
2014-09-05,2.3375,EIA
2014-09-12,2.2558,EIA
2014-09-19,2.3393,EIA
2014-09-26,2.3721,EIA
2014-10-03,2.4174,EIA
2014-10-10,2.5394,EIA
2014-10-17,2.4816,EIA
2014-10-24,2.3535,EIA
2014-10-31,2.4108,EIA
2014-11-07,2.465,EIA
2014-11-14,2.4105,EIA
2014-11-21,2.2687,EIA
2014-11-28,2.3643,EIA
2014-12-05,2.4018,EIA
2014-12-12,2.2542,EIA
2014-12-19,2.3126,EIA
2014-12-26,2.1683,EIA
2015-01-02,2.1192,EIA
2015-01-09,2.0191,EIA
2015-01-16,1.9656,EIA
2015-01-23,1.9003,EIA
2015-01-30,1.856,EIA
2015-02-06,1.9143,EIA
2015-02-13,1.9419,EIA
2015-02-20,1.9967,EIA
2015-02-27,2.0905,EIA
2015-03-06,2.0654,EIA
2015-03-13,2.0792,EIA
2015-03-20,2.1318,EIA
2015-03-27,2.2857,EIA
2015-04-03,2.3748,EIA
2015-04-10,2.5124,EIA
2015-04-17,2.6195,EIA
2015-04-24,2.7337,EIA
2015-05-01,2.5385,EIA
2015-05-08,2.6304,EIA
2015-05-15,2.653,EIA
2015-05-22,2.6575,EIA
2015-05-29,2.5986,EIA
2015-06-05,2.5508,EIA
2015-06-12,2.5889,EIA
2015-06-19,2.6695,EIA
2015-06-26,2.5001,EIA
2015-07-03,2.5132,EIA
2015-07-10,2.4463,EIA
2015-07-17,2.3421,EIA
2015-07-24,2.3677,EIA
2015-07-31,2.3235,EIA
2015-08-07,2.2486,EIA
2015-08-14,2.1658,EIA
2015-08-21,2.1765,EIA
2015-08-28,2.1607,EIA
2015-09-04,2.0512,EIA
2015-09-11,1.9683,EIA
2015-09-18,1.9407,EIA
2015-09-25,1.9588,EIA
2015-10-02,1.863,EIA
2015-10-09,1.887,EIA
2015-10-16,1.8125,EIA
2015-10-23,1.9981,EIA
2015-10-30,1.9088,EIA
2015-11-06,1.8366,EIA
2015-11-13,1.8406,EIA
2015-11-20,1.765,EIA
2015-11-27,1.816,EIA
2015-12-04,1.9394,EIA
2015-12-11,1.9013,EIA
2015-12-18,1.9083,EIA
2015-12-25,1.8639,EIA
2016-01-01,1.8653,EIA
2016-01-08,1.9751,EIA
2016-01-15,2.0486,EIA
2016-01-22,1.9776,EIA
2016-01-29,2.1059,EIA
2016-02-05,2.2097,EIA
2016-02-12,2.2587,EIA
2016-02-19,2.2054,EIA
2016-02-26,2.2196,EIA
2016-03-04,2.1577,EIA
2016-03-11,2.2089,EIA
2016-03-18,2.1916,EIA
2016-03-25,2.0059,EIA
2016-04-01,2.0941,EIA
2016-04-08,2.1229,EIA
2016-04-15,2.2273,EIA
2016-04-22,2.2262,EIA
2016-04-29,2.2537,EIA
2016-05-06,2.3644,EIA
2016-05-13,2.409,EIA
2016-05-20,2.4431,EIA
2016-05-27,2.763,EIA
2016-06-03,2.7437,EIA
2016-06-10,2.7604,EIA
2016-06-17,2.9483,EIA
2016-06-24,2.845,EIA
2016-07-01,2.7177,EIA
2016-07-08,2.5533,EIA
2016-07-15,2.5998,EIA
2016-07-22,2.6542,EIA
2016-07-29,2.7195,EIA
2016-08-05,2.5567,EIA
2016-08-12,2.6444,EIA
2016-08-19,2.7526,EIA
2016-08-26,2.7206,EIA
2016-09-02,2.702,EIA
2016-09-09,2.7519,EIA
2016-09-16,2.7673,EIA
2016-09-23,2.8121,EIA
2016-09-30,2.6635,EIA
2016-10-07,2.6206,EIA
2016-10-14,2.4707,EIA
2016-10-21,2.5124,EIA
2016-10-28,2.5447,EIA
2016-11-04,2.5139,EIA
2016-11-11,2.5243,EIA
2016-11-18,2.3493,EIA
2016-11-25,2.4157,EIA
2016-12-02,2.3568,EIA
2016-12-09,2.3577,EIA
2016-12-16,2.4529,EIA
2016-12-23,2.3692,EIA
2016-12-30,2.4761,EIA
2017-01-06,2.4818,EIA
2017-01-13,2.4799,EIA
2017-01-20,2.5323,EIA
2017-01-27,2.404,EIA
2017-02-03,2.4629,EIA
2017-02-10,2.4715,EIA
2017-02-17,2.5783,EIA
2017-02-24,2.56,EIA
2017-03-03,2.5282,EIA
2017-03-10,2.5727,EIA
2017-03-17,2.5738,EIA
2017-03-24,2.46,EIA
2017-03-31,2.45,EIA
2017-04-07,2.5844,EIA
2017-04-14,2.5829,EIA
2017-04-21,2.5003,EIA
2017-04-28,2.5804,EIA
2017-05-05,2.3948,EIA
2017-05-12,2.1984,EIA
2017-05-19,2.2068,EIA
2017-05-26,2.2306,EIA
2017-06-02,2.2565,EIA
2017-06-09,2.1804,EIA
2017-06-16,2.1715,EIA
2017-06-23,2.0529,EIA
2017-06-30,2.0742,EIA
2017-07-07,1.9418,EIA
2017-07-14,1.9324,EIA
2017-07-21,1.9536,EIA
2017-07-28,1.816,EIA
2017-08-04,1.7787,EIA
2017-08-11,1.8345,EIA
2017-08-18,1.9456,EIA
2017-08-25,1.8238,EIA
2017-09-01,1.8445,EIA
2017-09-08,1.7486,EIA
2017-09-15,1.6511,EIA
2017-09-22,1.7535,EIA
2017-09-29,1.795,EIA
2017-10-06,1.7314,EIA
2017-10-13,1.7415,EIA
2017-10-20,1.7808,EIA
2017-10-27,1.7878,EIA
2017-11-03,1.942,EIA
2017-11-10,1.9806,EIA
2017-11-17,1.7364,EIA
2017-11-24,1.7136,EIA
2017-12-01,1.662,EIA
2017-12-08,1.649,EIA
2017-12-15,1.6518,EIA
2017-12-22,1.6118,EIA
2017-12-29,1.5467,EIA
2018-01-05,1.638,EIA
2018-01-12,1.6841,EIA
2018-01-19,1.6463,EIA
2018-01-26,1.7005,EIA
2018-02-02,1.7563,EIA
2018-02-09,1.856,EIA
2018-02-16,1.7877,EIA
2018-02-23,1.8559,EIA
2018-03-02,1.8229,EIA
2018-03-09,1.921,EIA
2018-03-16,1.9194,EIA
2018-03-23,1.7576,EIA
2018-03-30,1.7757,EIA
2018-04-06,1.6637,EIA
2018-04-13,1.6658,EIA
2018-04-20,1.6783,EIA
2018-04-27,1.6673,EIA
2018-05-04,1.5835,EIA
2018-05-11,1.5286,EIA
2018-05-18,1.4929,EIA
2018-05-25,1.494,EIA
2018-06-01,1.5864,EIA
2018-06-08,1.6447,EIA
2018-06-15,1.625,EIA
2018-06-22,1.7187,EIA
2018-06-29,1.6329,EIA
2018-07-06,1.686,EIA
2018-07-13,1.6807,EIA
2018-07-20,1.7019,EIA
2018-07-27,1.7491,EIA
2018-08-03,1.7035,EIA
2018-08-10,1.7595,EIA
2018-08-17,1.7583,EIA
2018-08-24,1.9256,EIA
2018-08-31,1.8964,EIA
2018-09-07,1.9861,EIA
2018-09-14,2.0285,EIA
2018-09-21,1.9236,EIA
2018-09-28,2.0191,EIA
2018-10-05,1.9232,EIA
2018-10-12,1.7435,EIA
2018-10-19,1.7974,EIA
2018-10-26,1.8676,EIA
2018-11-02,1.8642,EIA
2018-11-09,1.8381,EIA
2018-11-16,1.9485,EIA
2018-11-23,1.9969,EIA
2018-11-30,1.938,EIA
2018-12-07,1.99,EIA
2018-12-14,1.8871,EIA
2018-12-21,1.8439,EIA
2018-12-28,1.7675,EIA
2019-01-04,1.6154,EIA
2019-01-11,1.5463,EIA
2019-01-18,1.6312,EIA
2019-01-25,1.5687,EIA
2019-02-01,1.5453,EIA
2019-02-08,1.4859,EIA
2019-02-15,1.5518,EIA
2019-02-22,1.5663,EIA
2019-03-01,1.6123,EIA
2019-03-08,1.6208,EIA
2019-03-15,1.5604,EIA
2019-03-22,1.5162,EIA
2019-03-29,1.5849,EIA
2019-04-05,1.5985,EIA
2019-04-12,1.6655,EIA
2019-04-19,1.4701,EIA
2019-04-26,1.5539,EIA
2019-05-03,1.54,EIA
2019-05-10,1.6912,EIA
2019-05-17,1.671,EIA
2019-05-24,1.6869,EIA
2019-05-31,1.7446,EIA
2019-06-07,1.6947,EIA
2019-06-14,1.765,EIA
2019-06-21,1.7283,EIA
2019-06-28,1.8258,EIA
2019-07-05,1.8894,EIA
2019-07-12,1.9303,EIA
2019-07-19,1.8759,EIA
2019-07-26,1.8612,EIA
2019-08-02,1.8835,EIA
2019-08-09,1.7292,EIA
2019-08-16,1.6913,EIA
2019-08-23,1.7544,EIA
2019-08-30,1.6635,EIA
2019-09-06,1.7469,EIA
2019-09-13,1.6995,EIA
2019-09-20,1.718,EIA
2019-09-27,1.6354,EIA
2019-10-04,1.6642,EIA
2019-10-11,1.6912,EIA
2019-10-18,1.7635,EIA
2019-10-25,1.8529,EIA
2019-11-01,1.9382,EIA
2019-11-08,1.946,EIA
2019-11-15,1.8433,EIA
2019-11-22,1.9355,EIA
2019-11-29,1.8292,EIA
2019-12-06,1.7945,EIA
2019-12-13,1.8463,EIA
2019-12-20,1.8784,EIA
2019-12-27,1.9983,EIA
2020-01-03,1.9814,EIA
2020-01-10,1.8326,EIA
2020-01-17,1.8011,EIA
2020-01-24,1.8041,EIA
2020-01-31,1.7704,EIA
2020-02-07,1.8641,EIA
2020-02-14,1.8389,EIA
2020-02-21,1.7274,EIA
2020-02-28,1.7564,EIA
2020-03-06,1.6723,EIA
2020-03-13,1.7851,EIA
2020-03-20,1.8022,EIA
2020-03-27,1.6983,EIA
2020-04-03,1.771,EIA
2020-04-10,1.9381,EIA
2020-04-17,1.7783,EIA
2020-04-24,1.8405,EIA
2020-05-01,1.8729,EIA
2020-05-08,1.8817,EIA
2020-05-15,1.9024,EIA
2020-05-22,1.9336,EIA
2020-05-29,1.8721,EIA
2020-06-05,1.9699,EIA
2020-06-12,1.8529,EIA
2020-06-19,1.9881,EIA
2020-06-26,2.0963,EIA
2020-07-03,1.9806,EIA
2020-07-10,1.9643,EIA
2020-07-17,2.0587,EIA
2020-07-24,1.9984,EIA
2020-07-31,1.9653,EIA
2020-08-07,1.9129,EIA
2020-08-14,1.9809,EIA
2020-08-21,1.9096,EIA
2020-08-28,1.8859,EIA
2020-09-04,1.9032,EIA
2020-09-11,1.8632,EIA
2020-09-18,1.7749,EIA
2020-09-25,1.6576,EIA
2020-10-02,1.5371,EIA
2020-10-09,1.447,EIA
2020-10-16,1.3319,EIA
2020-10-23,1.2798,EIA
2020-10-30,1.2829,EIA
2020-11-06,1.2737,EIA
2020-11-13,1.2205,EIA
2020-11-20,1.1613,EIA
2020-11-27,1.1073,EIA
2020-12-04,1.0397,EIA
2020-12-11,0.984,EIA
2020-12-18,1.0092,EIA
2020-12-25,0.9501,EIA
2021-01-01,0.9847,EIA
2021-01-08,0.9946,EIA
2021-01-15,1.1261,EIA
2021-01-22,1.0789,EIA
2021-01-29,1.1227,EIA
2021-02-05,1.1435,EIA
2021-02-12,1.1445,EIA
2021-02-19,1.1962,EIA
2021-02-26,1.2412,EIA
2021-03-05,1.2256,EIA
2021-03-12,1.2852,EIA
2021-03-19,1.3439,EIA
2021-03-26,1.4532,EIA
2021-04-02,1.4554,EIA
2021-04-09,1.5796,EIA
2021-04-16,1.6042,EIA
2021-04-23,1.5135,EIA
2021-04-30,1.5828,EIA
2021-05-07,1.6142,EIA
2021-05-14,1.5927,EIA
2021-05-21,1.6878,EIA
2021-05-28,1.6895,EIA
2021-06-04,1.7913,EIA
2021-06-11,1.816,EIA
2021-06-18,1.8998,EIA
2021-06-25,1.9783,EIA
2021-07-02,2.0402,EIA
2021-07-09,1.9782,EIA
2021-07-16,2.0726,EIA
2021-07-23,2.0931,EIA
2021-07-30,2.2772,EIA
2021-08-06,2.3328,EIA
2021-08-13,2.4123,EIA
2021-08-20,2.3455,EIA
2021-08-27,2.3142,EIA
2021-09-03,2.3291,EIA
2021-09-10,2.2252,EIA
2021-09-17,2.1275,EIA
2021-09-24,2.1254,EIA
2021-10-01,2.1254,EIA
2021-10-08,2.1487,EIA
2021-10-15,2.2497,EIA
2021-10-22,2.2173,EIA
2021-10-29,2.2817,EIA
2021-11-05,2.2721,EIA
2021-11-12,2.2589,EIA
2021-11-19,2.2874,EIA
2021-11-26,2.1049,EIA
2021-12-03,2.1209,EIA
2021-12-10,2.0783,EIA
2021-12-17,2.0146,EIA
2021-12-24,1.8787,EIA
2021-12-31,1.865,EIA
2022-01-07,1.7461,EIA
2022-01-14,1.8313,EIA
2022-01-21,1.8382,EIA
2022-01-28,1.7401,EIA
2022-02-04,1.7214,EIA
2022-02-11,1.8034,EIA
2022-02-18,1.7904,EIA
2022-02-25,1.8015,EIA
2022-03-04,1.8069,EIA
2022-03-11,1.8306,EIA
2022-03-18,1.7389,EIA
2022-03-25,1.7705,EIA
2022-04-01,1.7657,EIA
2022-04-08,2.0109,EIA
2022-04-15,2.0268,EIA
2022-04-22,2.0225,EIA
2022-04-29,2.1355,EIA
2022-05-06,2.1531,EIA
2022-05-13,2.2053,EIA
2022-05-20,2.1567,EIA
2022-05-27,2.3197,EIA
2022-06-03,2.2867,EIA
2022-06-10,2.3456,EIA
2022-06-17,2.4743,EIA
2022-06-24,2.4632,EIA
2022-07-01,2.4808,EIA
2022-07-08,2.5546,EIA
2022-07-15,2.6369,EIA
2022-07-22,2.5317,EIA
2022-07-29,2.5595,EIA
2022-08-05,2.4704,EIA
2022-08-12,2.4043,EIA
2022-08-19,2.3492,EIA
2022-08-26,2.4697,EIA
2022-09-02,2.6297,EIA
2022-09-09,2.901,EIA
2022-09-16,2.8865,EIA
2022-09-23,2.7814,EIA
2022-09-30,2.6671,EIA
2022-10-07,2.8325,EIA
2022-10-14,2.6505,EIA
2022-10-21,2.6122,EIA
2022-10-28,2.5496,EIA
2022-11-04,2.7251,EIA
2022-11-11,2.6104,EIA
2022-11-18,2.7234,EIA
2022-11-25,2.8635,EIA
2022-12-02,2.8408,EIA
2022-12-09,2.8921,EIA
2022-12-16,2.714,EIA
2022-12-23,2.7089,EIA
2022-12-30,2.6921,EIA
2023-01-06,2.4145,EIA
2023-01-13,2.4608,EIA
2023-01-20,2.5033,EIA
2023-01-27,2.342,EIA
2023-02-03,2.2217,EIA
2023-02-10,2.1702,EIA
2023-02-17,2.1414,EIA
2023-02-24,2.1338,EIA
2023-03-03,2.0716,EIA
2023-03-10,2.0092,EIA
2023-03-17,2.0568,EIA
2023-03-24,2.0404,EIA
2023-03-31,2.0551,EIA
2023-04-07,2.0597,EIA
2023-04-14,2.1211,EIA
2023-04-21,2.1308,EIA
2023-04-28,2.2271,EIA
2023-05-05,2.2573,EIA
2023-05-12,2.3578,EIA
2023-05-19,2.4939,EIA
2023-05-26,2.3631,EIA
2023-06-02,2.4661,EIA
2023-06-09,2.6554,EIA
2023-06-16,2.561,EIA
2023-06-23,2.5663,EIA
2023-06-30,2.5365,EIA
2023-07-07,2.5868,EIA
2023-07-14,2.6435,EIA
2023-07-21,2.5731,EIA
2023-07-28,2.7076,EIA
2023-08-04,2.6106,EIA
2023-08-11,2.5919,EIA
2023-08-18,2.6919,EIA
2023-08-25,2.8923,EIA
2023-09-01,2.8189,EIA
2023-09-08,2.8925,EIA
2023-09-15,2.9011,EIA
2023-09-22,2.7007,EIA
2023-09-29,2.5839,EIA
2023-10-06,2.4479,EIA
2023-10-13,2.3893,EIA
2023-10-20,2.3414,EIA
2023-10-27,2.3369,EIA
2023-11-03,2.4491,EIA
2023-11-10,2.4822,EIA
2023-11-17,2.7366,EIA
2023-11-24,2.6985,EIA
2023-12-01,2.774,EIA
2023-12-08,2.8107,EIA
2023-12-15,2.9718,EIA
2023-12-22,2.9182,EIA
2023-12-29,3.0113,EIA
2024-01-05,3.2027,EIA
2024-01-12,3.1051,EIA
2024-01-19,3.0943,EIA
2024-01-26,3.1579,EIA
2024-02-02,3.1052,EIA
2024-02-09,3.0012,EIA
2024-02-16,3.2303,EIA
2024-02-23,3.2079,EIA
2024-03-01,3.4408,EIA
2024-03-08,3.3788,EIA
2024-03-15,3.3606,EIA
2024-03-22,3.4794,EIA
2024-03-29,3.461,EIA
2024-04-05,3.3466,EIA
2024-04-12,3.2615,EIA
2024-04-19,3.3095,EIA
2024-04-26,3.232,EIA
2024-05-03,3.2545,EIA
2024-05-10,2.969,EIA
2024-05-17,2.914,EIA
2024-05-24,2.9037,EIA
2024-05-31,2.8534,EIA
2024-06-07,2.7481,EIA
2024-06-14,2.6588,EIA
2024-06-21,2.6739,EIA
2024-06-28,2.8385,EIA
2024-07-05,2.681,EIA
2024-07-12,2.6532,EIA
2024-07-19,2.7571,EIA
2024-07-26,2.7907,EIA
2024-08-02,2.7746,EIA
2024-08-09,2.7176,EIA
2024-08-16,2.7112,EIA
2024-08-23,2.6911,EIA
2024-08-30,2.4467,EIA
2024-09-06,2.3706,EIA
2024-09-13,2.1808,EIA
2024-09-20,2.29,EIA
2024-09-27,2.3593,EIA
2024-10-04,2.2778,EIA
2024-10-11,2.3447,EIA
2024-10-18,2.5656,EIA
2024-10-25,2.4903,EIA
2024-11-01,2.6092,EIA
2024-11-08,2.6355,EIA
2024-11-15,2.5996,EIA
2024-11-22,2.476,EIA
2024-11-29,2.4156,EIA
2024-12-06,2.3746,EIA
2024-12-13,2.1543,EIA
2024-12-20,2.2045,EIA
2024-12-27,2.1815,EIA
2025-01-03,2.2287,EIA
2025-01-10,2.1994,EIA
2025-01-17,2.4737,EIA
2025-01-24,2.3176,EIA
2025-01-31,2.2429,EIA
2025-02-07,2.3209,EIA
2025-02-14,2.5558,EIA
2025-02-21,2.4679,EIA
2025-02-28,2.6656,EIA
2025-03-07,2.5827,EIA
2025-03-14,2.7342,EIA
2025-03-21,2.759,EIA
2025-03-28,3.0235,EIA
2025-04-04,3.255,EIA
2025-04-11,3.1829,EIA
2025-04-18,3.5719,EIA
2025-04-25,3.4193,EIA
2025-05-02,3.3856,EIA
2025-05-09,3.6404,EIA
2025-05-16,3.5377,EIA
2025-05-23,3.4508,EIA
2025-05-30,3.4724,EIA
2025-06-06,3.5367,EIA
2025-06-13,3.5899,EIA
2025-06-20,3.4781,EIA
2025-06-27,3.5001,EIA
2025-07-04,3.5813,EIA
2025-07-11,3.7849,EIA
2025-07-18,3.817,EIA
2025-07-25,3.6055,EIA
2025-08-01,3.5901,EIA
2025-08-08,3.4799,EIA
2025-08-15,3.6412,EIA
2025-08-22,3.3716,EIA
2025-08-29,3.4236,EIA
2025-09-05,3.2526,EIA
2025-09-12,3.3936,EIA
2025-09-19,3.4701,EIA
2025-09-26,3.4703,EIA
2025-10-03,3.5093,EIA
2025-10-10,3.4306,EIA
2025-10-17,3.4927,EIA
2025-10-24,3.4548,EIA
2025-10-31,3.5257,EIA
2025-11-07,3.5039,EIA
2025-11-14,3.1294,EIA
2025-11-21,3.0457,EIA
2025-11-28,3.2134,EIA
2025-12-05,3.3818,EIA
2025-12-12,3.3772,EIA
2025-12-19,3.344,EIA
2025-12-26,3.2859,EIA
2026-01-02,3.3588,EIA
2026-01-09,3.4282,EIA
2026-01-16,3.2869,EIA
2026-01-23,3.3716,EIA
2026-01-30,3.5371,EIA
2026-02-06,3.4008,EIA
2026-02-13,3.3782,EIA
2026-02-20,3.4463,EIA
2026-02-27,3.5526,EIA
2026-03-06,3.4992,EIA
2026-03-13,3.4332,EIA
2026-03-20,3.3792,EIA
2026-03-27,3.4427,EIA
